neighbourhood,room_type,bathrooms,bedrooms,price,number_of_reviews,review_score,is_superhost
Hyde Park,Private room,1.0,1.0,65.0,181,100.0,1
South Lawndale,Entire home/apt,1.0,3.0,117.0,395,96.0,1
West Town,Entire home/apt,1.0,3.0,70.0,389,93.0,1
Uptown,Private room,1.5,1.0,110.0,250,100.0,1
Near North Side,Private room,1.0,1.0,75.0,500,94.0,1
Uptown,Private room,1.5,2.0,180.0,151,96.0,0
Uptown,Private room,1.0,1.0,99.0,150,96.0,0
Uptown,Private room,1.0,1.0,35.0,162,97.0,0
Logan Square,Entire home/apt,1.0,2.0,135.0,521,99.0,1
North Center,Private room,1.0,1.0,30.0,176,99.0,1
Pullman,Entire home/apt,1.0,1.0,90.0,270,98.0,1
Logan Square,Private room,1.0,1.0,103.0,139,99.0,1
Kenwood,Private room,1.0,1.0,85.0,232,99.0,1
Lake View,Entire home/apt,2.0,2.0,107.0,534,98.0,1
West Town,Entire home/apt,3.0,3.0,168.0,218,97.0,1
West Town,Entire home/apt,1.0,2.0,75.0,189,91.0,0
Logan Square,Entire home/apt,1.0,1.0,39.0,642,96.0,1
Lincoln Square,Entire home/apt,1.0,1.0,98.0,291,98.0,1
Logan Square,Entire home/apt,1.0,2.0,132.0,260,97.0,0
Grand Boulevard,Entire home/apt,1.0,1.0,89.0,227,97.0,0
West Town,Private room,2.0,1.0,57.0,127,89.0,0
West Town,Private room,2.0,1.0,78.0,143,90.0,0
North Center,Private room,1.0,1.0,43.0,161,97.0,1
West Town,Private room,1.0,1.0,85.0,110,99.0,0
Near North Side,Entire home/apt,1.0,2.0,85.0,150,97.0,1
West Town,Private room,2.0,1.0,39.0,131,88.0,0
Lake View,Entire home/apt,1.0,1.0,85.0,625,94.0,0
Logan Square,Entire home/apt,1.0,3.0,141.0,134,97.0,0
Lincoln Square,Entire home/apt,1.0,2.0,84.0,186,97.0,0
Near West Side,Entire home/apt,1.0,1.0,150.0,255,98.0,1
North Center,Private room,2.0,1.0,78.0,128,96.0,1
West Ridge,Shared room,2.0,1.0,79.0,139,93.0,0
Lower West Side,Entire home/apt,1.0,1.0,125.0,164,98.0,1
Logan Square,Private room,1.0,1.0,110.0,145,100.0,1
Lincoln Park,Entire home/apt,1.0,1.0,115.0,318,98.0,1
West Town,Private room,1.0,1.0,50.0,133,97.0,1
West Town,Entire home/apt,2.0,3.0,139.0,297,99.0,1
Rogers Park,Private room,1.5,1.0,69.0,207,99.0,1
Rogers Park,Private room,1.5,1.0,59.0,240,99.0,1
Rogers Park,Private room,1.5,1.0,59.0,233,98.0,1
Rogers Park,Entire home/apt,1.0,2.0,159.0,176,98.0,1
Lake View,Private room,1.0,1.0,79.0,320,97.0,1
Rogers Park,Private room,1.0,1.0,43.0,132,95.0,0
Lincoln Park,Entire home/apt,1.0,1.0,75.0,543,95.0,0
Lake View,Entire home/apt,1.0,1.0,65.0,504,93.0,0
Near West Side,Entire home/apt,1.0,3.0,111.0,316,98.0,1
West Town,Entire home/apt,1.0,2.0,128.0,182,98.0,0
Near West Side,Private room,1.0,1.0,103.0,103,93.0,0
Logan Square,Private room,1.0,1.0,70.0,313,99.0,1
Irving Park,Private room,1.0,1.0,61.0,125,94.0,0
West Ridge,Shared room,2.0,1.0,16.0,158,92.0,0
Grand Boulevard,Private room,1.0,1.0,55.0,123,93.0,0
Beverly,Private room,1.5,1.0,49.0,166,97.0,1
Lower West Side,Private room,1.0,1.0,30.0,187,98.0,0
Rogers Park,Entire home/apt,1.0,1.0,98.0,103,97.0,1
Lake View,Private room,1.0,1.0,64.0,275,98.0,0
Uptown,Private room,1.0,1.0,70.0,275,96.0,0
Mckinley Park,Entire home/apt,1.0,2.0,55.0,276,94.0,1
West Town,Entire home/apt,1.0,1.0,92.0,326,98.0,1
West Town,Entire home/apt,1.0,2.0,86.0,113,97.0,0
Edgewater,Entire home/apt,1.0,2.0,95.0,234,92.0,0
Hyde Park,Entire home/apt,1.0,1.0,69.0,342,93.0,0
Lower West Side,Private room,1.5,1.0,70.0,120,99.0,1
Lower West Side,Entire home/apt,1.0,2.0,59.0,480,84.0,0
Woodlawn,Private room,1.0,1.0,59.0,330,98.0,1
Lincoln Park,Entire home/apt,1.0,1.0,182.0,154,92.0,1
Avondale,Entire home/apt,1.0,2.0,51.0,251,97.0,1
Lincoln Park,Private room,2.0,1.0,97.0,183,99.0,1
Logan Square,Entire home/apt,1.0,1.0,45.0,201,96.0,1
Logan Square,Private room,1.0,1.0,75.0,199,92.0,0
West Town,Private room,1.0,1.0,36.0,188,90.0,1
West Town,Entire home/apt,2.0,3.0,154.0,150,96.0,1
Humboldt Park,Entire home/apt,1.0,1.0,54.0,436,91.0,0
Norwood Park,Entire home/apt,1.0,2.0,95.0,173,98.0,0
Lower West Side,Private room,1.5,1.0,70.0,139,99.0,1
Lake View,Shared room,11.0,1.0,28.0,310,90.0,0
West Town,Entire home/apt,1.0,1.0,114.0,158,92.0,1
West Town,Entire home/apt,2.0,3.0,128.0,383,98.0,1
Lower West Side,Private room,1.0,1.0,60.0,128,95.0,1
Lincoln Square,Entire home/apt,1.0,1.0,76.0,180,94.0,0
West Town,Entire home/apt,1.5,1.0,119.0,156,97.0,1
Uptown,Private room,1.5,1.0,49.0,291,97.0,1
East Garfield Park,Private room,1.0,1.0,23.0,129,95.0,1
Lower West Side,Private room,1.0,1.0,65.0,220,98.0,0
Hyde Park,Entire home/apt,1.5,3.0,125.0,104,99.0,1
Uptown,Entire home/apt,2.5,5.0,875.0,124,97.0,0
Logan Square,Entire home/apt,2.0,3.0,78.0,106,94.0,0
Lincoln Park,Entire home/apt,1.0,3.0,92.0,113,95.0,1
Morgan Park,Entire home/apt,1.0,1.0,79.0,133,96.0,1
Morgan Park,Entire home/apt,1.0,2.0,89.0,142,96.0,1
North Center,Entire home/apt,1.0,2.0,119.0,170,98.0,1
West Town,Entire home/apt,1.0,1.0,84.0,150,98.0,1
West Town,Entire home/apt,2.0,2.0,139.0,105,99.0,1
West Lawn,Private room,1.0,1.0,34.0,315,97.0,1
West Town,Entire home/apt,1.0,1.0,159.0,269,100.0,1
South Shore,Entire home/apt,2.0,2.0,70.0,245,97.0,1
Logan Square,Entire home/apt,1.0,1.0,56.0,303,97.0,1
Logan Square,Entire home/apt,1.0,2.0,100.0,397,99.0,1
Lower West Side,Entire home/apt,1.0,2.0,49.0,446,82.0,0
Lake View,Entire home/apt,3.0,3.0,217.0,146,99.0,1
Lake View,Entire home/apt,2.0,2.0,209.0,149,96.0,0
Lake View,Private room,1.0,1.0,75.0,143,97.0,0
Hyde Park,Private room,1.0,1.0,50.0,307,99.0,1
Lincoln Park,Entire home/apt,1.0,2.0,89.0,359,98.0,0
West Town,Private room,1.0,1.0,55.0,175,97.0,1
Logan Square,Entire home/apt,1.0,1.0,75.0,143,95.0,1
Logan Square,Entire home/apt,1.0,1.0,140.0,224,94.0,0
Rogers Park,Private room,1.0,1.0,103.0,117,99.0,1
West Ridge,Shared room,2.0,1.0,16.0,124,95.0,0
Humboldt Park,Entire home/apt,1.0,2.0,90.0,300,97.0,1
Logan Square,Private room,1.0,1.0,54.0,170,99.0,0
West Town,Entire home/apt,1.0,1.0,218.0,100,100.0,0
West Lawn,Private room,1.0,1.0,34.0,420,96.0,1
West Town,Entire home/apt,2.0,2.0,130.0,270,96.0,0
Lower West Side,Entire home/apt,1.0,1.0,37.0,397,83.0,0
Lincoln Park,Entire home/apt,2.5,3.0,218.0,155,96.0,0
Logan Square,Entire home/apt,1.0,1.0,150.0,109,99.0,1
Uptown,Entire home/apt,1.0,2.0,125.0,233,98.0,1
West Town,Entire home/apt,1.0,1.0,63.0,313,98.0,1
Edgewater,Private room,1.0,1.0,38.0,202,99.0,1
West Town,Entire home/apt,1.0,2.0,65.0,259,98.0,1
Lake View,Entire home/apt,1.0,1.0,137.0,349,95.0,0
Lincoln Park,Entire home/apt,1.0,1.0,125.0,281,99.0,1
Near North Side,Entire home/apt,2.0,2.0,344.0,128,94.0,1
Lake View,Private room,1.0,1.0,70.0,298,99.0,1
Near North Side,Entire home/apt,1.0,1.0,89.0,143,96.0,1
Irving Park,Private room,1.0,2.0,67.0,116,92.0,0
West Town,Entire home/apt,2.0,2.0,116.0,256,93.0,0
West Town,Entire home/apt,1.0,2.0,90.0,155,96.0,1
Logan Square,Private room,1.0,1.0,75.0,170,92.0,0
Lincoln Park,Private room,1.0,1.0,105.0,252,98.0,1
West Town,Private room,1.0,1.0,25.0,183,94.0,1
Near North Side,Entire home/apt,1.0,2.0,250.0,240,99.0,1
West Town,Private room,2.0,1.0,69.0,179,99.0,1
West Town,Private room,1.0,1.0,43.0,100,99.0,1
West Town,Private room,1.0,1.0,45.0,176,98.0,1
West Town,Entire home/apt,1.0,1.0,65.0,127,98.0,1
West Town,Entire home/apt,1.0,1.0,103.0,321,97.0,1
West Town,Entire home/apt,2.0,2.0,150.0,143,97.0,1
Lower West Side,Private room,1.0,1.0,25.0,155,92.0,1
Hyde Park,Private room,1.0,1.0,62.0,175,97.0,1
Rogers Park,Entire home/apt,2.0,2.0,104.0,129,99.0,1
Logan Square,Entire home/apt,2.0,1.0,145.0,119,99.0,1
Hyde Park,Private room,1.0,1.0,39.0,165,98.0,1
Logan Square,Entire home/apt,1.0,2.0,76.0,236,90.0,0
South Shore,Private room,1.0,1.0,40.0,100,89.0,0
Lincoln Park,Entire home/apt,2.0,2.0,149.0,128,97.0,1
Lincoln Park,Entire home/apt,1.5,2.0,125.0,138,97.0,1
Uptown,Private room,1.0,1.0,74.0,133,98.0,1
Logan Square,Entire home/apt,2.0,5.0,131.0,207,88.0,0
Lincoln Square,Entire home/apt,1.0,1.0,79.0,101,98.0,1
Lincoln Park,Private room,1.0,1.0,50.0,163,91.0,0
West Garfield Park,Entire home/apt,1.0,3.0,36.0,353,97.0,1
Lake View,Private room,1.0,1.0,89.0,207,98.0,0
West Town,Entire home/apt,1.0,2.0,67.0,210,98.0,1
Avondale,Entire home/apt,1.0,1.0,93.0,138,96.0,1
Edgewater,Private room,1.0,1.0,75.0,195,97.0,0
Douglas,Private room,1.0,1.0,86.0,261,97.0,1
West Ridge,Shared room,2.0,1.0,13.0,153,95.0,0
Lake View,Entire home/apt,1.0,2.0,122.0,221,97.0,1
North Center,Private room,1.0,1.0,59.0,369,99.0,1
West Town,Entire home/apt,2.0,2.0,107.0,160,98.0,1
Avondale,Private room,0.0,1.0,85.0,153,88.0,0
Humboldt Park,Entire home/apt,1.0,2.0,67.0,205,94.0,1
North Center,Private room,1.0,1.0,73.0,111,99.0,1
Douglas,Private room,1.0,1.0,57.0,190,89.0,0
West Town,Entire home/apt,2.0,3.0,122.0,237,99.0,1
Near North Side,Entire home/apt,2.0,2.0,132.0,190,96.0,1
Avondale,Entire home/apt,1.0,3.0,118.0,135,97.0,1
Armour Square,Entire home/apt,1.0,2.0,78.0,180,97.0,0
West Town,Entire home/apt,1.0,2.0,77.0,515,97.0,0
Woodlawn,Private room,1.0,1.0,57.0,103,98.0,1
Lincoln Square,Entire home/apt,1.0,1.0,85.0,212,99.0,1
Lincoln Park,Entire home/apt,1.0,1.0,97.0,142,98.0,1
West Town,Entire home/apt,1.0,3.0,102.0,111,99.0,0
Logan Square,Entire home/apt,1.0,2.0,90.0,294,98.0,1
Uptown,Private room,1.0,1.0,102.0,201,99.0,1
Loop,Entire home/apt,2.0,3.0,144.0,132,95.0,0
Uptown,Private room,1.0,1.0,65.0,147,99.0,1
Lake View,Entire home/apt,1.0,1.0,95.0,133,98.0,1
West Town,Entire home/apt,1.0,2.0,119.0,207,94.0,0
West Town,Entire home/apt,1.0,2.0,93.0,205,94.0,0
Edgewater,Private room,1.0,1.0,61.0,213,99.0,1
Jefferson Park,Entire home/apt,1.0,1.0,49.0,149,89.0,0
Near North Side,Entire home/apt,1.0,1.0,76.0,156,97.0,0
East Garfield Park,Private room,2.5,1.0,31.0,428,95.0,0
West Town,Entire home/apt,1.0,1.0,85.0,456,99.0,1
Near North Side,Entire home/apt,1.0,2.0,100.0,109,93.0,0
West Town,Private room,1.0,1.0,57.0,197,96.0,1
Lake View,Private room,1.0,1.0,50.0,320,97.0,1
Edgewater,Private room,1.0,1.0,37.0,100,94.0,0
West Town,Entire home/apt,2.0,4.0,223.0,144,99.0,0
Logan Square,Entire home/apt,1.0,1.0,120.0,122,98.0,1
Loop,Entire home/apt,2.5,3.0,244.0,187,96.0,0
West Town,Entire home/apt,1.0,1.0,43.0,175,99.0,1
Lake View,Entire home/apt,1.0,1.0,95.0,118,97.0,0
Lincoln Park,Private room,1.0,1.0,66.0,191,98.0,1
Logan Square,Entire home/apt,1.0,1.0,86.0,230,98.0,1
West Town,Entire home/apt,1.5,1.0,67.0,256,96.0,0
Norwood Park,Private room,1.0,1.0,63.0,143,98.0,1
West Town,Entire home/apt,1.0,2.0,85.0,246,97.0,1
Logan Square,Entire home/apt,1.0,3.0,146.0,102,95.0,0
North Center,Entire home/apt,1.0,1.0,100.0,294,98.0,1
Lake View,Entire home/apt,2.0,5.0,206.0,150,93.0,0
Avondale,Entire home/apt,1.0,1.0,55.0,108,98.0,0
Edgewater,Entire home/apt,1.0,1.0,100.0,126,99.0,1
Lake View,Entire home/apt,1.0,3.0,221.0,260,97.0,1
Portage Park,Entire home/apt,1.0,1.0,61.0,204,96.0,1
Armour Square,Private room,1.0,1.0,71.0,209,98.0,1
Lake View,Entire home/apt,1.0,2.0,85.0,423,96.0,1
West Town,Entire home/apt,1.0,2.0,69.0,350,97.0,1
Austin,Private room,3.0,1.0,30.0,105,90.0,0
Lake View,Entire home/apt,1.0,1.0,65.0,116,94.0,1
West Town,Entire home/apt,3.0,3.0,325.0,204,96.0,1
Grand Boulevard,Entire home/apt,1.0,1.0,86.0,170,96.0,1
Lake View,Entire home/apt,1.0,2.0,93.0,151,91.0,0
Oakland,Entire home/apt,1.0,1.0,85.0,267,97.0,0
West Town,Entire home/apt,1.0,2.0,102.0,114,94.0,0
North Lawndale,Entire home/apt,1.0,1.0,74.0,154,98.0,1
Lincoln Square,Private room,1.0,1.0,57.0,124,98.0,1
West Town,Private room,1.0,1.0,65.0,117,97.0,1
Avondale,Entire home/apt,1.0,2.0,89.0,152,94.0,0
North Center,Entire home/apt,1.0,2.0,132.0,168,98.0,1
Logan Square,Entire home/apt,1.0,1.0,90.0,287,98.0,0
Logan Square,Entire home/apt,2.0,3.0,135.0,121,92.0,0
Jefferson Park,Entire home/apt,1.0,3.0,110.0,123,99.0,1
Avondale,Entire home/apt,1.0,1.0,71.0,241,98.0,1
East Garfield Park,Private room,2.0,1.0,49.0,203,97.0,1
Lake View,Private room,1.0,1.0,45.0,201,97.0,1
West Town,Entire home/apt,2.0,2.0,83.0,187,98.0,1
Grand Boulevard,Private room,1.0,1.0,39.0,138,97.0,0
Grand Boulevard,Private room,1.0,1.0,43.0,101,98.0,0
Logan Square,Entire home/apt,1.0,2.0,89.0,103,93.0,0
West Town,Entire home/apt,2.0,3.0,282.0,164,98.0,1
Douglas,Private room,1.0,1.0,59.0,168,96.0,1
Douglas,Private room,1.0,1.0,55.0,143,96.0,1
Lake View,Entire home/apt,1.0,1.0,93.0,263,96.0,1
Lower West Side,Private room,1.0,1.0,29.0,290,88.0,0
Lower West Side,Private room,1.0,1.0,29.0,263,87.0,0
Lower West Side,Private room,1.0,1.0,83.0,112,98.0,0
Near West Side,Entire home/apt,1.0,2.0,110.0,511,100.0,1
West Town,Entire home/apt,1.0,1.0,84.0,212,95.0,0
West Ridge,Private room,1.0,1.0,49.0,136,99.0,1
West Town,Private room,2.0,1.0,132.0,278,99.0,1
Lower West Side,Private room,1.0,1.0,29.0,213,85.0,0
Woodlawn,Private room,1.0,1.0,20.0,454,96.0,1
Near West Side,Entire home/apt,1.0,2.0,175.0,252,99.0,1
Lake View,Private room,1.0,1.0,89.0,139,99.0,1
Lower West Side,Private room,1.0,1.0,48.0,186,98.0,1
West Town,Entire home/apt,1.0,2.0,96.0,182,94.0,1
West Town,Entire home/apt,3.0,3.0,379.0,210,98.0,0
Lake View,Entire home/apt,1.0,3.0,200.0,303,96.0,1
Austin,Entire home/apt,1.0,3.0,139.0,109,99.0,1
West Town,Private room,1.0,1.0,30.0,143,95.0,1
North Center,Entire home/apt,1.0,2.0,106.0,122,98.0,1
Lake View,Entire home/apt,1.0,2.0,148.0,212,96.0,1
Avondale,Entire home/apt,1.0,2.0,128.0,144,100.0,1
Irving Park,Entire home/apt,1.0,3.0,60.0,105,96.0,0
East Garfield Park,Private room,2.5,1.0,27.0,373,95.0,0
Near West Side,Entire home/apt,2.5,3.0,187.0,269,96.0,1
North Lawndale,Entire home/apt,1.0,1.0,59.0,106,94.0,0
Washington Park,Entire home/apt,1.0,2.0,77.0,166,90.0,0
Near North Side,Private room,1.0,1.0,80.0,658,98.0,1
Logan Square,Entire home/apt,1.0,1.0,90.0,178,94.0,0
East Garfield Park,Private room,2.5,1.0,26.0,258,95.0,0
Irving Park,Entire home/apt,1.0,1.0,42.0,190,95.0,1
Woodlawn,Entire home/apt,1.0,3.0,111.0,191,93.0,0
Lincoln Park,Entire home/apt,1.0,1.0,100.0,228,93.0,0
Edgewater,Entire home/apt,1.0,1.0,75.0,181,96.0,0
East Garfield Park,Private room,2.5,1.0,23.0,356,95.0,0
Near North Side,Entire home/apt,0.0,3.0,218.0,131,96.0,0
West Town,Entire home/apt,1.0,2.0,68.0,179,93.0,0
West Town,Entire home/apt,1.0,2.0,80.0,179,94.0,0
Lincoln Park,Entire home/apt,1.0,2.0,200.0,143,98.0,1
Avondale,Entire home/apt,1.0,2.0,98.0,257,99.0,1
Edgewater,Private room,1.0,1.0,110.0,140,99.0,1
Near West Side,Entire home/apt,2.0,3.0,139.0,313,96.0,1
Lake View,Shared room,11.0,1.0,28.0,139,91.0,0
East Garfield Park,Entire home/apt,1.0,4.0,80.0,168,89.0,0
Lincoln Park,Private room,1.0,1.0,100.0,180,96.0,1
Lower West Side,Entire home/apt,1.0,2.0,55.0,209,88.0,1
Logan Square,Private room,1.0,1.0,47.0,156,98.0,1
Edgewater,Entire home/apt,1.0,2.0,75.0,196,99.0,1
Humboldt Park,Entire home/apt,1.0,2.0,79.0,201,93.0,0
East Garfield Park,Private room,2.5,1.0,23.0,385,96.0,0
Lake View,Entire home/apt,1.0,3.0,250.0,109,99.0,1
Near North Side,Entire home/apt,3.0,3.0,215.0,131,95.0,0
Irving Park,Entire home/apt,1.0,1.0,76.0,155,99.0,1
Near North Side,Entire home/apt,3.0,3.0,212.0,170,95.0,0
Logan Square,Entire home/apt,1.0,2.0,128.0,145,99.0,0
Near West Side,Entire home/apt,1.0,1.0,84.0,261,97.0,1
Lower West Side,Entire home/apt,1.0,2.0,104.0,253,97.0,1
Edgewater,Entire home/apt,1.0,1.0,80.0,194,98.0,1
West Town,Entire home/apt,1.0,2.0,120.0,207,99.0,1
Near West Side,Private room,1.0,1.0,55.0,236,96.0,1
Armour Square,Private room,1.0,1.0,65.0,145,99.0,0
South Lawndale,Entire home/apt,2.0,2.0,60.0,213,99.0,1
West Town,Private room,1.0,1.0,40.0,136,99.0,1
Logan Square,Entire home/apt,1.0,1.0,63.0,121,96.0,0
West Town,Entire home/apt,2.5,3.0,117.0,228,97.0,1
North Center,Entire home/apt,1.0,2.0,182.0,304,98.0,1
Lincoln Park,Entire home/apt,1.0,1.0,121.0,263,99.0,1
Logan Square,Entire home/apt,1.0,2.0,75.0,201,94.0,1
Irving Park,Entire home/apt,1.0,3.0,135.0,107,99.0,1
North Center,Entire home/apt,1.0,2.0,69.0,124,96.0,0
Armour Square,Private room,2.0,1.0,49.0,147,89.0,0
Lower West Side,Entire home/apt,3.0,3.0,269.0,130,97.0,0
Lake View,Entire home/apt,1.0,1.0,53.0,106,98.0,0
Lake View,Entire home/apt,1.0,2.0,115.0,146,98.0,1
Near North Side,Private room,1.0,1.0,78.0,213,99.0,1
Kenwood,Private room,1.0,1.0,40.0,196,98.0,1
East Garfield Park,Private room,2.0,1.0,49.0,248,97.0,1
Armour Square,Private room,2.0,1.0,29.0,160,90.0,0
Lincoln Park,Entire home/apt,1.0,1.0,103.0,234,97.0,1
Uptown,Private room,1.0,1.0,35.0,102,97.0,1
Edgewater,Entire home/apt,1.0,2.0,75.0,160,97.0,1
West Town,Private room,1.0,1.0,47.0,200,96.0,1
West Town,Entire home/apt,1.0,1.0,80.0,105,92.0,0
Hyde Park,Entire home/apt,1.0,1.0,65.0,160,97.0,1
Kenwood,Private room,2.0,1.0,67.0,128,97.0,0
Hyde Park,Private room,2.0,1.0,70.0,164,96.0,0
Lincoln Park,Entire home/apt,1.0,2.0,70.0,205,99.0,1
Armour Square,Private room,2.0,1.0,49.0,197,90.0,0
Edgewater,Private room,1.0,1.0,38.0,263,96.0,0
Logan Square,Entire home/apt,1.5,2.0,179.0,106,99.0,1
West Town,Entire home/apt,2.0,3.0,156.0,208,97.0,0
West Town,Entire home/apt,1.0,1.0,90.0,203,99.0,1
Irving Park,Entire home/apt,2.0,2.0,75.0,148,99.0,1
Edgewater,Entire home/apt,1.5,3.0,83.0,111,96.0,0
Near South Side,Entire home/apt,1.0,1.0,105.0,229,98.0,1
Lower West Side,Entire home/apt,1.0,2.0,175.0,101,98.0,1
West Town,Entire home/apt,3.5,5.0,335.0,174,97.0,1
North Center,Entire home/apt,3.0,3.0,138.0,114,96.0,1
North Center,Private room,1.0,1.0,99.0,235,98.0,1
Near North Side,Entire home/apt,2.0,2.0,299.0,156,98.0,1
Logan Square,Entire home/apt,1.0,1.0,115.0,135,99.0,1
Lake View,Entire home/apt,1.0,2.0,75.0,326,95.0,0
West Town,Entire home/apt,2.0,2.0,197.0,111,98.0,1
West Town,Entire home/apt,1.0,2.0,66.0,207,96.0,1
West Town,Entire home/apt,2.5,3.0,182.0,145,97.0,1
Logan Square,Entire home/apt,2.0,5.0,140.0,134,99.0,1
East Garfield Park,Private room,2.5,1.0,27.0,402,96.0,0
Near West Side,Entire home/apt,1.5,3.0,65.0,252,97.0,0
East Garfield Park,Private room,2.5,1.0,21.0,353,97.0,0
Lincoln Park,Entire home/apt,1.0,1.0,65.0,105,96.0,1
East Garfield Park,Private room,2.5,1.0,24.0,377,96.0,0
Near West Side,Entire home/apt,1.0,2.0,59.0,328,85.0,0
West Town,Private room,1.0,1.0,77.0,156,99.0,1
Lake View,Entire home/apt,2.0,4.0,147.0,167,95.0,1
West Town,Private room,1.0,1.0,71.0,113,97.0,1
Logan Square,Entire home/apt,1.0,1.0,72.0,120,97.0,1
Lincoln Square,Private room,1.0,1.0,31.0,167,99.0,1
Hyde Park,Private room,2.0,1.0,70.0,177,97.0,0
Hyde Park,Private room,1.0,1.0,80.0,158,96.0,1
Hyde Park,Private room,2.0,1.0,70.0,179,96.0,0
Bridgeport,Entire home/apt,1.0,1.0,48.0,147,94.0,1
Logan Square,Entire home/apt,1.0,1.0,76.0,154,97.0,1
Lincoln Park,Private room,1.0,1.0,39.0,102,92.0,1
West Town,Private room,1.0,1.0,51.0,175,96.0,0
Hermosa,Entire home/apt,1.0,2.0,60.0,328,98.0,0
Uptown,Entire home/apt,1.0,1.0,71.0,267,98.0,1
Edgewater,Entire home/apt,1.0,2.0,150.0,122,100.0,1
Edgewater,Entire home/apt,1.0,2.0,125.0,107,99.0,0
West Town,Entire home/apt,1.0,1.0,99.0,231,98.0,1
West Town,Entire home/apt,1.0,2.0,159.0,156,98.0,0
Logan Square,Entire home/apt,1.0,2.0,64.0,485,98.0,1
West Town,Private room,1.0,1.0,78.0,195,96.0,0
Grand Boulevard,Entire home/apt,2.0,3.0,68.0,137,88.0,0
Lake View,Entire home/apt,1.0,1.0,55.0,221,95.0,1
Logan Square,Entire home/apt,1.0,2.0,42.0,338,93.0,1
Near North Side,Entire home/apt,2.5,4.0,169.0,224,99.0,1
Edgewater,Private room,1.0,1.0,38.0,203,96.0,0
Logan Square,Entire home/apt,1.0,2.0,136.0,234,96.0,0
Oakland,Private room,1.0,1.0,50.0,124,98.0,1
West Town,Private room,1.0,1.0,41.0,226,99.0,1
Lower West Side,Private room,1.0,1.0,23.0,101,97.0,1
West Town,Entire home/apt,1.0,1.0,59.0,170,91.0,0
West Town,Entire home/apt,2.0,3.0,162.0,111,98.0,1
North Center,Entire home/apt,1.0,1.0,109.0,120,98.0,1
Edgewater,Entire home/apt,1.5,3.0,83.0,106,96.0,0
Edgewater,Private room,1.0,1.0,48.0,161,99.0,1
North Center,Entire home/apt,1.0,2.0,161.0,143,97.0,1
Near North Side,Private room,1.0,1.0,80.0,479,99.0,1
Near South Side,Entire home/apt,1.0,1.0,78.0,148,88.0,0
Near West Side,Entire home/apt,1.0,1.0,136.0,183,99.0,1
Near North Side,Entire home/apt,1.0,2.0,500.0,117,94.0,1
Near West Side,Entire home/apt,2.0,2.0,97.0,221,96.0,1
Lake View,Entire home/apt,2.0,3.0,187.0,120,100.0,1
Hyde Park,Private room,1.0,1.0,40.0,156,96.0,0
Lincoln Park,Entire home/apt,1.0,1.0,68.0,178,89.0,0
Rogers Park,Entire home/apt,1.5,3.0,176.0,168,100.0,1
Lake View,Entire home/apt,1.0,2.0,115.0,169,99.0,1
Norwood Park,Private room,1.0,1.0,35.0,229,95.0,1
Lake View,Private room,1.0,1.0,63.0,154,99.0,1
Logan Square,Entire home/apt,1.0,1.0,63.0,249,96.0,1
Hyde Park,Private room,1.0,2.0,90.0,165,95.0,1
Rogers Park,Entire home/apt,2.0,3.0,80.0,141,98.0,1
West Town,Entire home/apt,1.0,1.0,125.0,179,99.0,1
Lincoln Park,Entire home/apt,2.0,3.0,139.0,141,96.0,1
Lake View,Entire home/apt,1.0,3.0,176.0,166,98.0,1
Archer Heights,Private room,1.0,1.0,36.0,425,94.0,1
Uptown,Private room,1.0,1.0,52.0,120,93.0,0
Lake View,Entire home/apt,1.0,1.0,149.0,114,97.0,1
Logan Square,Shared room,1.0,1.0,27.0,100,100.0,1
Logan Square,Private room,1.0,1.0,60.0,215,98.0,1
Armour Square,Private room,2.0,1.0,69.0,132,93.0,0
North Center,Entire home/apt,1.0,1.0,100.0,111,99.0,0
Lake View,Private room,1.0,1.0,69.0,145,99.0,1
Edgewater,Entire home/apt,1.0,1.0,75.0,162,99.0,1
Edgewater,Private room,1.0,1.0,45.0,198,99.0,1
West Town,Entire home/apt,1.0,1.0,69.0,164,97.0,0
Armour Square,Private room,2.0,1.0,49.0,131,92.0,0
West Town,Entire home/apt,1.0,3.0,76.0,147,98.0,0
North Park,Private room,1.0,1.0,84.0,118,97.0,1
Norwood Park,Private room,1.0,1.0,34.0,242,95.0,1
West Town,Entire home/apt,1.0,1.0,67.0,273,96.0,1
Humboldt Park,Entire home/apt,1.0,3.0,75.0,243,98.0,1
Jefferson Park,Entire home/apt,1.0,2.0,73.0,174,99.0,1
West Town,Entire home/apt,1.0,2.0,99.0,122,98.0,0
Loop,Entire home/apt,2.0,2.0,99.0,290,93.0,0
Logan Square,Entire home/apt,1.0,2.0,63.0,139,93.0,0
Logan Square,Entire home/apt,1.0,2.0,61.0,346,96.0,1
Lincoln Park,Private room,1.0,1.0,99.0,174,100.0,1
Edgewater,Entire home/apt,1.0,3.0,116.0,261,99.0,1
Near North Side,Private room,1.0,1.0,80.0,171,96.0,0
Lake View,Entire home/apt,1.0,1.0,83.0,150,98.0,0
North Lawndale,Private room,1.0,1.0,28.0,170,91.0,0
North Lawndale,Private room,1.0,1.0,28.0,251,90.0,0
Grand Boulevard,Entire home/apt,1.0,2.0,95.0,124,91.0,0
Lower West Side,Entire home/apt,1.0,2.0,37.0,264,83.0,0
Logan Square,Entire home/apt,1.0,1.0,90.0,130,99.0,1
Uptown,Private room,1.0,1.0,49.0,284,97.0,1
Lincoln Park,Entire home/apt,1.0,1.0,87.0,161,94.0,1
Edison Park,Entire home/apt,2.0,3.0,139.0,230,95.0,1
Lower West Side,Entire home/apt,1.0,2.0,70.0,124,96.0,0
West Town,Entire home/apt,2.0,3.0,52.0,176,92.0,1
North Lawndale,Private room,1.0,1.0,28.0,162,90.0,0
Lincoln Park,Entire home/apt,1.0,1.0,114.0,137,99.0,1
Irving Park,Entire home/apt,1.0,2.0,132.0,187,100.0,1
Edgewater,Private room,1.0,1.0,41.0,194,99.0,1
Edgewater,Private room,1.0,1.0,41.0,168,99.0,1
West Town,Entire home/apt,2.0,3.0,141.0,160,98.0,0
Avondale,Private room,1.0,1.0,80.0,120,99.0,1
Lincoln Park,Entire home/apt,1.0,2.0,159.0,105,99.0,1
Hyde Park,Entire home/apt,2.0,4.0,299.0,121,97.0,0
Lake View,Entire home/apt,2.5,3.0,135.0,122,97.0,0
Uptown,Private room,1.5,1.0,54.0,204,99.0,1
Irving Park,Private room,1.0,1.0,70.0,148,99.0,1
Belmont Cragin,Private room,1.0,1.0,56.0,248,96.0,0
Lincoln Square,Entire home/apt,1.0,2.0,70.0,141,97.0,0
West Town,Entire home/apt,1.0,2.0,124.0,156,98.0,1
Lincoln Park,Entire home/apt,1.0,1.0,60.0,110,96.0,1
Near West Side,Entire home/apt,1.0,3.0,239.0,142,98.0,1
Lake View,Entire home/apt,1.0,1.0,69.0,123,97.0,0
Irving Park,Entire home/apt,1.0,1.0,76.0,490,98.0,1
Avondale,Entire home/apt,1.0,3.0,70.0,146,97.0,1
Near North Side,Entire home/apt,1.0,1.0,55.0,273,96.0,1
Lake View,Entire home/apt,1.5,2.0,124.0,103,99.0,0
Lower West Side,Entire home/apt,1.0,1.0,100.0,111,99.0,1
Lincoln Park,Entire home/apt,2.0,3.0,277.0,112,100.0,1
West Ridge,Private room,1.0,1.0,28.0,182,98.0,0
Logan Square,Entire home/apt,1.0,2.0,149.0,220,98.0,1
West Town,Entire home/apt,1.0,2.0,89.0,159,99.0,1
Lower West Side,Entire home/apt,1.5,2.0,45.0,202,85.0,0
Lake View,Entire home/apt,1.0,3.0,175.0,121,99.0,1
Lake View,Entire home/apt,1.0,1.0,60.0,238,97.0,1
Lake View,Entire home/apt,1.0,1.0,89.0,237,99.0,1
West Town,Entire home/apt,1.0,2.0,110.0,172,97.0,1
Edgewater,Entire home/apt,1.0,1.0,50.0,154,98.0,1
Logan Square,Entire home/apt,1.0,1.0,80.0,199,95.0,1
Portage Park,Entire home/apt,1.0,1.0,60.0,219,97.0,1
Albany Park,Entire home/apt,1.0,2.0,64.0,143,93.0,0
Near West Side,Entire home/apt,2.0,2.0,152.0,124,99.0,1
Loop,Entire home/apt,1.0,2.0,87.0,187,89.0,0
Lower West Side,Private room,1.0,1.0,34.0,204,93.0,1
West Town,Entire home/apt,1.0,2.0,59.0,228,95.0,1
Grand Boulevard,Entire home/apt,1.0,2.0,47.0,124,97.0,1
Near South Side,Private room,1.0,1.0,89.0,124,100.0,1
Logan Square,Private room,2.5,1.0,90.0,138,97.0,1
West Town,Entire home/apt,1.0,2.0,149.0,154,98.0,1
Lincoln Park,Entire home/apt,1.0,1.0,75.0,179,95.0,1
Lake View,Entire home/apt,1.0,2.0,79.0,105,99.0,1
North Center,Entire home/apt,1.0,1.0,142.0,110,99.0,1
Near West Side,Entire home/apt,2.0,2.0,201.0,110,94.0,0
Avondale,Entire home/apt,2.0,3.0,124.0,138,95.0,0
Dunning,Entire home/apt,1.0,1.0,67.0,137,98.0,0
Lake View,Entire home/apt,1.0,2.0,119.0,129,97.0,0
Woodlawn,Entire home/apt,1.0,3.0,57.0,345,94.0,0
Logan Square,Entire home/apt,1.0,2.0,126.0,144,98.0,1
Logan Square,Entire home/apt,2.0,3.0,134.0,106,96.0,1
Lower West Side,Entire home/apt,1.0,2.0,98.0,123,98.0,1
Albany Park,Entire home/apt,1.0,1.0,65.0,109,89.0,0
West Ridge,Entire home/apt,2.0,3.0,168.0,120,99.0,0
West Town,Entire home/apt,1.0,2.0,129.0,160,99.0,1
Lake View,Entire home/apt,1.0,1.0,102.0,140,99.0,1
Lower West Side,Private room,1.0,1.0,31.0,220,93.0,1
East Garfield Park,Entire home/apt,1.0,3.0,57.0,106,88.0,0
Lincoln Square,Entire home/apt,1.0,2.0,84.0,113,99.0,1
Bridgeport,Entire home/apt,1.0,1.0,68.0,232,99.0,1
Bridgeport,Entire home/apt,1.0,1.0,78.0,110,100.0,1
Portage Park,Entire home/apt,2.0,2.0,65.0,151,94.0,0
West Town,Private room,2.0,1.0,50.0,134,98.0,1
Lincoln Park,Entire home/apt,1.0,1.0,159.0,112,100.0,1
Avondale,Entire home/apt,1.0,1.0,95.0,153,99.0,1
Lincoln Park,Entire home/apt,1.0,1.0,99.0,105,93.0,0
Lake View,Entire home/apt,2.0,2.0,96.0,105,97.0,1
Edgewater,Entire home/apt,1.0,2.0,84.0,277,99.0,1
Armour Square,Private room,2.0,1.0,25.0,140,87.0,0
East Garfield Park,Entire home/apt,1.0,3.0,85.0,120,90.0,0
Bridgeport,Entire home/apt,1.0,1.0,65.0,244,90.0,0
Oakland,Entire home/apt,1.0,1.0,67.0,195,97.0,1
West Town,Entire home/apt,2.0,4.0,106.0,107,97.0,0
West Town,Entire home/apt,1.0,2.0,84.0,182,93.0,0
Near West Side,Entire home/apt,1.0,1.0,89.0,148,99.0,1
Irving Park,Entire home/apt,1.0,1.0,65.0,199,95.0,0
North Lawndale,Private room,1.0,1.0,27.0,216,90.0,0
West Town,Private room,1.0,1.0,40.0,203,98.0,1
Lake View,Entire home/apt,3.0,3.0,304.0,113,98.0,1
Lincoln Park,Private room,1.0,1.0,55.0,141,97.0,1
Lincoln Park,Entire home/apt,1.0,3.0,102.0,162,94.0,0
West Town,Private room,1.0,1.0,30.0,101,93.0,0
West Town,Entire home/apt,1.0,2.0,117.0,131,98.0,0
Englewood,Entire home/apt,1.0,2.0,35.0,181,94.0,0
Portage Park,Entire home/apt,2.0,4.0,160.0,164,92.0,0
Near West Side,Entire home/apt,1.0,1.0,143.0,191,98.0,1
Dunning,Entire home/apt,1.0,1.0,85.0,128,89.0,0
Logan Square,Entire home/apt,1.0,2.0,56.0,205,88.0,0
Lincoln Park,Private room,1.0,1.0,45.0,102,96.0,0
Lincoln Park,Private room,1.0,1.0,45.0,111,95.0,1
Logan Square,Entire home/apt,2.0,3.0,96.0,115,96.0,1
Uptown,Private room,2.5,1.0,49.0,115,99.0,1
Logan Square,Entire home/apt,1.0,1.0,45.0,149,95.0,0
Near North Side,Hotel room,1.0,1.0,74.0,100,93.0,0
West Town,Private room,1.0,1.0,53.0,103,93.0,0
Lower West Side,Entire home/apt,1.0,3.0,144.0,105,96.0,1
West Town,Entire home/apt,1.0,2.0,70.0,210,97.0,0
South Lawndale,Entire home/apt,1.0,2.0,80.0,140,94.0,0
Lake View,Entire home/apt,2.0,3.0,139.0,126,100.0,1
Lake View,Entire home/apt,1.0,3.0,159.0,119,98.0,1
Lake View,Entire home/apt,1.0,2.0,86.0,118,96.0,0
West Town,Private room,1.0,1.0,45.0,130,98.0,1
Albany Park,Entire home/apt,1.0,3.0,94.0,239,97.0,1
Logan Square,Entire home/apt,1.0,2.0,95.0,234,99.0,1
Humboldt Park,Entire home/apt,1.0,2.0,71.0,184,98.0,1
Near West Side,Entire home/apt,2.0,3.0,65.0,214,96.0,0
Near West Side,Private room,1.0,1.0,49.0,106,96.0,0
Lake View,Entire home/apt,1.0,1.0,80.0,239,98.0,1
Edgewater,Entire home/apt,1.0,1.0,89.0,117,100.0,1
Avondale,Entire home/apt,1.0,2.0,61.0,114,91.0,0
Norwood Park,Entire home/apt,1.0,2.0,65.0,130,98.0,0
Logan Square,Entire home/apt,1.0,3.0,109.0,151,99.0,1
North Lawndale,Private room,1.0,1.0,29.0,112,86.0,0
Logan Square,Entire home/apt,1.0,3.0,92.0,127,99.0,1
Grand Boulevard,Entire home/apt,1.0,1.0,105.0,141,98.0,1
Lincoln Square,Entire home/apt,1.0,1.0,125.0,113,100.0,1
Logan Square,Entire home/apt,1.0,1.0,81.0,143,100.0,1
North Center,Entire home/apt,2.0,3.0,95.0,114,96.0,0
Lower West Side,Entire home/apt,1.0,2.0,113.0,144,94.0,1
Avondale,Entire home/apt,1.0,3.0,95.0,221,99.0,1
Lower West Side,Entire home/apt,1.0,1.0,60.0,144,93.0,0
West Town,Entire home/apt,1.0,2.0,115.0,153,98.0,1
Lower West Side,Entire home/apt,1.5,4.0,80.0,120,98.0,1
West Town,Entire home/apt,1.0,2.0,69.0,149,98.0,1
North Lawndale,Private room,1.0,1.0,28.0,109,90.0,0
West Town,Entire home/apt,1.0,1.0,77.0,103,97.0,0
North Center,Entire home/apt,1.0,1.0,95.0,112,98.0,1
Logan Square,Entire home/apt,1.0,1.0,129.0,248,98.0,1
Logan Square,Private room,1.0,1.0,74.0,114,98.0,1
West Town,Entire home/apt,2.5,3.0,123.0,116,96.0,0
Lincoln Park,Entire home/apt,1.0,1.0,107.0,142,97.0,1
West Town,Entire home/apt,1.0,2.0,56.0,120,99.0,0
North Center,Entire home/apt,1.0,2.0,66.0,134,97.0,1
Near West Side,Entire home/apt,2.0,2.0,110.0,144,98.0,1
Rogers Park,Private room,2.5,1.0,47.0,109,96.0,0
West Town,Entire home/apt,1.0,2.0,123.0,119,98.0,1
Logan Square,Entire home/apt,2.0,2.0,113.0,198,99.0,1
Kenwood,Private room,1.0,1.0,45.0,150,98.0,1
Armour Square,Entire home/apt,1.5,3.0,105.0,161,97.0,1
Lake View,Private room,1.0,1.0,70.0,102,97.0,0
Humboldt Park,Private room,1.5,1.0,89.0,128,97.0,1
Rogers Park,Private room,2.5,1.0,35.0,135,98.0,0
Rogers Park,Private room,2.5,1.0,48.0,148,96.0,0
Rogers Park,Private room,2.5,1.0,45.0,103,95.0,0
Rogers Park,Private room,2.5,1.0,41.0,151,96.0,0
Irving Park,Entire home/apt,1.0,1.0,56.0,331,98.0,1
Logan Square,Entire home/apt,1.0,2.0,90.0,190,88.0,0
Lake View,Private room,1.0,1.0,59.0,141,99.0,1
Portage Park,Entire home/apt,1.0,2.0,32.0,166,99.0,1
Avondale,Entire home/apt,3.5,6.0,299.0,114,99.0,1
Hermosa,Entire home/apt,1.0,1.0,43.0,121,97.0,0
Logan Square,Entire home/apt,1.0,2.0,59.0,116,96.0,1
Hyde Park,Private room,1.0,1.0,42.0,165,98.0,1
Dunning,Entire home/apt,1.0,1.0,63.0,146,99.0,1
Pullman,Entire home/apt,1.5,3.0,95.0,114,97.0,0
North Center,Entire home/apt,1.5,3.0,81.0,118,93.0,0
Portage Park,Entire home/apt,1.0,1.0,40.0,207,88.0,0
Lincoln Square,Entire home/apt,1.0,1.0,59.0,204,98.0,1
West Town,Entire home/apt,1.0,1.0,101.0,116,97.0,1
East Garfield Park,Entire home/apt,1.0,3.0,63.0,191,96.0,1
Logan Square,Entire home/apt,1.0,1.0,78.0,197,98.0,1
Austin,Entire home/apt,1.0,2.0,50.0,213,95.0,1
Kenwood,Entire home/apt,3.0,4.0,114.0,244,99.0,1
West Town,Entire home/apt,2.0,2.0,211.0,146,97.0,1
Albany Park,Entire home/apt,2.0,3.0,120.0,207,97.0,1
Lincoln Square,Entire home/apt,1.0,1.0,65.0,113,99.0,1
Lincoln Park,Entire home/apt,2.0,2.0,106.0,142,99.0,0
Near West Side,Entire home/apt,1.0,1.0,106.0,266,97.0,1
Edgewater,Entire home/apt,2.0,3.0,222.0,126,100.0,1
West Town,Entire home/apt,1.0,2.0,65.0,198,98.0,1
Irving Park,Entire home/apt,1.0,2.0,90.0,115,99.0,1
Logan Square,Entire home/apt,1.0,2.0,75.0,102,96.0,1
Hyde Park,Private room,1.0,1.0,40.0,112,93.0,0
West Town,Entire home/apt,3.0,4.0,172.0,117,96.0,1
West Town,Entire home/apt,2.0,3.0,184.0,132,97.0,1
Near North Side,Entire home/apt,2.0,3.0,213.0,118,97.0,1
Logan Square,Entire home/apt,1.0,2.0,49.0,212,96.0,0
West Town,Entire home/apt,3.0,2.0,72.0,242,91.0,0
Lake View,Entire home/apt,1.0,1.0,108.0,118,99.0,1
Near West Side,Entire home/apt,1.0,1.0,98.0,187,95.0,1
Logan Square,Entire home/apt,1.0,1.0,95.0,146,99.0,1
Lincoln Park,Entire home/apt,1.0,1.0,120.0,174,99.0,1
Hyde Park,Entire home/apt,3.0,5.0,146.0,215,99.0,1
Logan Square,Entire home/apt,1.0,2.0,75.0,132,99.0,1
West Town,Entire home/apt,1.0,2.0,67.0,100,97.0,1
Norwood Park,Shared room,1.0,1.0,38.0,158,96.0,1
Lower West Side,Private room,1.0,1.0,25.0,112,82.0,0
Near West Side,Entire home/apt,2.5,2.0,99.0,100,95.0,0
Bridgeport,Entire home/apt,1.0,2.0,149.0,230,97.0,0
Lake View,Entire home/apt,2.0,5.0,400.0,113,99.0,1
Lincoln Park,Entire home/apt,1.0,1.0,66.0,190,92.0,0
Lower West Side,Entire home/apt,1.0,1.0,179.0,164,97.0,0
Norwood Park,Shared room,1.0,1.0,32.0,124,96.0,1
Lower West Side,Private room,1.5,1.0,43.0,170,96.0,0
North Center,Entire home/apt,1.0,1.0,62.0,126,99.0,1
Logan Square,Entire home/apt,1.0,2.0,95.0,130,99.0,1
Lower West Side,Entire home/apt,1.0,2.0,86.0,135,98.0,1
West Town,Entire home/apt,1.0,1.0,56.0,147,97.0,1
Logan Square,Entire home/apt,1.0,1.0,95.0,104,97.0,1
Lincoln Park,Entire home/apt,1.0,1.0,72.0,276,96.0,0
Lake View,Entire home/apt,1.0,2.0,141.0,219,99.0,1
Logan Square,Entire home/apt,1.0,2.0,91.0,111,96.0,1
Near North Side,Hotel room,1.0,1.0,99.0,132,96.0,0
Irving Park,Entire home/apt,1.0,3.0,99.0,117,99.0,1
Jefferson Park,Entire home/apt,1.0,1.0,66.0,113,95.0,1
Uptown,Private room,1.0,1.0,75.0,101,99.0,1
West Town,Entire home/apt,1.0,1.0,60.0,181,96.0,1
Loop,Entire home/apt,1.0,2.0,84.0,149,92.0,0
West Town,Entire home/apt,2.0,2.0,204.0,104,98.0,0
Portage Park,Entire home/apt,1.0,3.0,49.0,158,86.0,0
Logan Square,Entire home/apt,1.0,2.0,72.0,158,96.0,0
Uptown,Entire home/apt,2.0,4.0,172.0,101,96.0,0
Near North Side,Entire home/apt,1.0,2.0,87.0,120,94.0,1
Logan Square,Entire home/apt,1.0,2.0,100.0,143,97.0,0
Albany Park,Entire home/apt,2.5,3.0,135.0,102,98.0,1
Hermosa,Entire home/apt,1.0,2.0,95.0,174,99.0,1
Lower West Side,Entire home/apt,1.0,2.0,44.0,156,89.0,0
Avondale,Private room,1.0,1.0,35.0,126,99.0,0
Armour Square,Private room,2.0,1.0,29.0,125,86.0,0
Lake View,Entire home/apt,1.0,3.0,69.0,122,96.0,1
Bridgeport,Entire home/apt,1.0,1.0,98.0,112,99.0,1
West Town,Entire home/apt,1.0,2.0,120.0,123,98.0,1
Near North Side,Private room,1.0,1.0,99.0,108,96.0,0
West Lawn,Private room,1.0,1.0,25.0,116,98.0,1
Lincoln Square,Entire home/apt,1.0,2.0,92.0,138,99.0,1
Loop,Entire home/apt,1.0,1.0,75.0,110,93.0,0
Near North Side,Entire home/apt,1.0,2.0,71.0,139,96.0,0
Calumet Heights,Private room,1.0,1.0,25.0,123,94.0,0
North Center,Entire home/apt,1.0,1.0,85.0,141,99.0,1
North Park,Private room,1.0,1.0,45.0,200,100.0,1
Logan Square,Entire home/apt,2.0,3.0,84.0,138,99.0,1
Bridgeport,Entire home/apt,2.0,3.0,166.0,120,98.0,1
Lake View,Entire home/apt,2.0,2.0,116.0,217,91.0,0
West Town,Private room,1.0,1.0,40.0,216,100.0,1
Lake View,Entire home/apt,1.0,2.0,88.0,196,98.0,0
Near West Side,Private room,3.0,1.0,25.0,179,95.0,0
North Park,Private room,1.0,1.0,45.0,119,100.0,1
Uptown,Entire home/apt,2.0,2.0,67.0,139,99.0,1
West Town,Entire home/apt,1.0,2.0,89.0,118,96.0,1
Austin,Private room,1.5,1.0,30.0,145,98.0,1
Logan Square,Entire home/apt,2.0,2.0,115.0,180,99.0,1
Jefferson Park,Entire home/apt,1.0,3.0,71.0,125,98.0,1
North Center,Entire home/apt,1.0,2.0,87.0,111,96.0,0
Near West Side,Entire home/apt,1.5,2.0,116.0,105,94.0,1
Bridgeport,Entire home/apt,1.0,1.0,85.0,112,99.0,1
Armour Square,Private room,1.0,1.0,49.0,169,98.0,1
Lake View,Entire home/apt,1.0,1.0,95.0,250,100.0,1
West Town,Entire home/apt,1.0,1.0,68.0,172,99.0,1
North Center,Entire home/apt,1.0,1.0,50.0,125,98.0,1
Logan Square,Entire home/apt,1.0,1.0,125.0,118,99.0,1
Portage Park,Entire home/apt,1.0,3.0,71.0,109,90.0,0
Irving Park,Entire home/apt,1.0,3.0,99.0,114,99.0,1
Near West Side,Private room,3.0,1.0,25.0,165,93.0,0
Near West Side,Private room,3.0,1.0,25.0,163,95.0,0
Armour Square,Private room,1.0,1.0,39.0,215,97.0,1
Near West Side,Shared room,3.0,1.0,21.0,146,92.0,0
Near West Side,Private room,3.0,1.0,26.0,165,91.0,0
Near West Side,Private room,3.0,1.0,23.0,191,92.0,0
Avondale,Entire home/apt,1.0,1.0,39.0,270,98.0,1
Logan Square,Private room,1.0,1.0,26.0,220,97.0,0
Logan Square,Private room,1.0,1.0,45.0,165,95.0,0
Uptown,Entire home/apt,1.0,1.0,50.0,288,98.0,1
West Town,Entire home/apt,1.0,2.0,48.0,169,95.0,0
Jefferson Park,Entire home/apt,1.0,2.0,49.0,104,91.0,0
Near West Side,Entire home/apt,1.0,1.0,103.0,192,98.0,1
Lower West Side,Entire home/apt,1.0,2.0,89.0,112,97.0,0
West Town,Entire home/apt,2.0,2.0,112.0,101,97.0,1
Portage Park,Entire home/apt,1.0,1.0,50.0,103,98.0,1
Uptown,Entire home/apt,2.0,3.0,81.0,108,99.0,1
Avondale,Entire home/apt,1.0,2.0,61.0,104,98.0,1
Near West Side,Entire home/apt,1.0,2.0,168.0,102,97.0,1
West Town,Entire home/apt,1.0,2.0,112.0,145,100.0,1
West Town,Entire home/apt,1.0,2.0,92.0,115,95.0,1
Logan Square,Private room,2.0,1.0,64.0,108,98.0,0
North Lawndale,Shared room,1.0,1.0,14.0,118,91.0,0
Hyde Park,Entire home/apt,2.0,2.0,52.0,121,93.0,0
Hyde Park,Entire home/apt,1.0,1.0,45.0,133,93.0,0
Logan Square,Private room,2.0,1.0,58.0,101,99.0,0
South Lawndale,Entire home/apt,1.0,1.0,45.0,147,90.0,0
Bridgeport,Entire home/apt,1.0,2.0,72.0,159,90.0,0
Lincoln Park,Entire home/apt,1.0,1.0,56.0,140,89.0,0
West Ridge,Entire home/apt,1.0,2.0,71.0,244,98.0,1
Near North Side,Entire home/apt,1.0,1.0,54.0,108,92.0,0
Humboldt Park,Entire home/apt,1.0,2.0,80.0,100,88.0,0
Kenwood,Entire home/apt,1.0,1.0,42.0,103,90.0,0
Bridgeport,Entire home/apt,1.0,2.0,72.0,138,89.0,0
Jefferson Park,Entire home/apt,1.0,1.0,68.0,168,92.0,0
West Town,Entire home/apt,1.0,1.0,75.0,145,98.0,1
Near South Side,Private room,1.0,1.0,54.0,148,95.0,0
Near South Side,Private room,1.0,1.0,54.0,136,94.0,0
Near North Side,Entire home/apt,2.5,3.0,199.0,110,94.0,0
Lake View,Entire home/apt,1.0,2.0,87.0,113,95.0,1
South Lawndale,Entire home/apt,1.0,2.0,55.0,127,91.0,0
Jefferson Park,Entire home/apt,1.0,1.0,67.0,132,95.0,0
West Town,Entire home/apt,1.0,1.0,95.0,261,99.0,1
West Town,Entire home/apt,2.0,3.0,93.0,151,97.0,1
Near North Side,Entire home/apt,1.0,1.0,59.0,119,93.0,0
West Town,Private room,1.0,1.0,39.0,102,97.0,0
Lincoln Park,Entire home/apt,1.0,2.0,63.0,219,90.0,0
West Town,Entire home/apt,1.0,2.0,150.0,134,96.0,0
Logan Square,Private room,1.0,1.0,39.0,136,95.0,0
Near West Side,Private room,3.0,1.0,50.0,115,92.0,0
Lower West Side,Entire home/apt,1.0,1.0,59.0,132,89.0,0
Norwood Park,Private room,1.5,1.0,42.0,115,97.0,0
Bridgeport,Entire home/apt,1.0,1.0,50.0,138,89.0,0
Logan Square,Entire home/apt,1.0,2.0,65.0,100,96.0,0
Loop,Entire home/apt,2.0,2.0,94.0,180,93.0,0
Near West Side,Entire home/apt,1.0,2.0,75.0,161,97.0,1
Avondale,Entire home/apt,1.0,2.0,41.0,187,97.0,0
Hyde Park,Entire home/apt,1.0,1.0,46.0,108,93.0,0
West Town,Entire home/apt,1.0,2.0,44.0,123,95.0,0
Lake View,Entire home/apt,1.0,2.0,186.0,108,98.0,1
Bridgeport,Entire home/apt,2.0,3.0,168.0,100,99.0,1
West Town,Entire home/apt,1.0,2.0,85.0,104,98.0,1
Logan Square,Entire home/apt,1.0,1.0,75.0,126,99.0,1
North Center,Entire home/apt,1.0,3.0,96.0,127,99.0,1
Near North Side,Hotel room,1.0,1.0,26.0,465,93.0,0
Loop,Private room,2.0,3.0,155.0,110,93.0,0
Bridgeport,Entire home/apt,1.0,2.0,65.0,105,100.0,1
West Town,Private room,1.0,1.0,55.0,126,100.0,1
West Town,Entire home/apt,1.0,1.0,95.0,125,98.0,1
Lake View,Entire home/apt,1.0,1.0,75.0,123,100.0,1
North Lawndale,Private room,1.0,1.0,30.0,117,86.0,0
Lincoln Square,Entire home/apt,1.0,2.0,94.0,135,100.0,1
Avondale,Entire home/apt,1.0,2.0,40.0,193,96.0,0
Uptown,Entire home/apt,2.0,2.0,69.0,100,98.0,1
Uptown,Entire home/apt,1.0,1.0,90.0,130,99.0,1
Lincoln Park,Entire home/apt,1.0,1.0,60.0,138,91.0,0
Near North Side,Entire home/apt,1.0,1.0,60.0,119,91.0,0
Fuller Park,Entire home/apt,1.0,2.0,55.0,152,88.0,0
Lower West Side,Entire home/apt,1.0,1.0,80.0,138,94.0,0
Near North Side,Hotel room,1.0,1.0,26.0,108,93.0,0
West Town,Entire home/apt,1.0,2.0,68.0,112,93.0,0
Bridgeport,Entire home/apt,1.0,1.0,70.0,123,96.0,1
Near North Side,Private room,1.0,1.0,80.0,243,97.0,1
East Garfield Park,Private room,2.0,1.0,29.0,111,87.0,0
Lincoln Park,Entire home/apt,2.0,3.0,104.0,119,94.0,0
East Garfield Park,Private room,2.0,1.0,29.0,109,84.0,0
East Garfield Park,Private room,2.0,1.0,45.0,100,87.0,0
East Garfield Park,Private room,2.0,1.0,29.0,111,84.0,0
Logan Square,Entire home/apt,1.0,2.0,107.0,121,98.0,1
Near West Side,Entire home/apt,1.0,2.0,107.0,108,99.0,1
Lake View,Private room,1.0,1.0,55.0,119,94.0,0
South Lawndale,Entire home/apt,1.0,2.0,55.0,116,90.0,0
Logan Square,Entire home/apt,1.0,2.0,59.0,184,97.0,1
Near North Side,Hotel room,1.0,1.0,74.0,607,91.0,0
Near North Side,Entire home/apt,2.0,2.0,185.0,101,98.0,1
Uptown,Entire home/apt,1.0,2.0,117.0,147,100.0,1
Lincoln Park,Entire home/apt,1.0,1.0,85.0,127,92.0,0
Near North Side,Entire home/apt,1.0,1.0,102.0,102,91.0,0
Near North Side,Private room,1.0,1.0,80.0,166,96.0,1
Portage Park,Entire home/apt,1.0,2.0,88.0,156,99.0,1
Lake View,Entire home/apt,1.0,2.0,60.0,122,94.0,0
Lower West Side,Private room,2.0,1.0,19.0,112,94.0,1
Logan Square,Entire home/apt,1.0,2.0,72.0,109,97.0,0
Lower West Side,Entire home/apt,1.0,2.0,81.0,108,99.0,1
North Center,Entire home/apt,1.0,3.0,96.0,118,99.0,1
Portage Park,Entire home/apt,1.0,2.0,59.0,101,92.0,0
Uptown,Entire home/apt,1.0,1.0,55.0,206,97.0,1
West Town,Entire home/apt,1.0,2.0,58.0,140,99.0,1
Lake View,Entire home/apt,1.0,3.0,100.0,113,99.0,1
West Town,Entire home/apt,1.0,3.0,64.0,134,98.0,1
Near North Side,Private room,1.0,1.0,80.0,177,97.0,1
Near North Side,Entire home/apt,1.0,1.0,59.0,147,97.0,1
Lower West Side,Entire home/apt,1.0,2.0,79.0,119,99.0,1
Uptown,Entire home/apt,1.0,1.0,63.0,113,95.0,0
Lincoln Park,Entire home/apt,1.0,2.0,165.0,104,94.0,0
Rogers Park,Entire home/apt,1.0,2.0,80.0,111,100.0,0
Lincoln Park,Entire home/apt,1.0,1.0,106.0,125,98.0,1
Near North Side,Entire home/apt,2.0,2.0,153.0,123,97.0,1
Lake View,Entire home/apt,1.0,4.0,88.0,104,97.0,0
Near North Side,Entire home/apt,2.0,2.0,140.0,101,98.0,1
Lower West Side,Entire home/apt,2.0,3.0,87.0,108,96.0,1
Loop,Entire home/apt,2.0,2.0,117.0,123,93.0,0
Lower West Side,Entire home/apt,1.0,2.0,79.0,105,98.0,1
Albany Park,Entire home/apt,1.0,2.0,124.0,104,96.0,1
Near North Side,Hotel room,1.0,1.0,26.0,139,93.0,0
Near North Side,Private room,1.0,1.0,80.0,108,95.0,1
Norwood Park,Entire home/apt,1.0,1.0,59.0,123,95.0,0
Loop,Private room,1.0,1.0,119.0,148,95.0,1
Loop,Entire home/apt,2.0,2.0,272.0,104,98.0,0
Loop,Entire home/apt,1.0,1.0,155.0,122,99.0,0
Near North Side,Private room,1.0,1.0,97.0,140,91.0,0
Edgewater,Entire home/apt,1.0,1.0,104.0,101,92.0,0
Lake View,Entire home/apt,1.0,1.0,106.0,132,99.0,1
Near North Side,Private room,1.0,1.0,114.0,329,91.0,0
Near North Side,Private room,1.0,1.0,127.0,173,92.0,0
