place_id,name,site,type,borough,street,city,zip,state,latitude,longitude,rating,reviews,reviews_per_score_1,reviews_per_score_2,reviews_per_score_3,reviews_per_score_4,reviews_per_score_5,photos_count,business_status,range,verified
ChIJD_TV4nTXDIgRKsl6834pCaE,The Courier Cafe,http://thecouriercafe.com/,Restaurant,,111 N Race St,Urbana,61801,Illinois,40.1129482,-88.2092174,4.5,1761.0,47.0,30.0,115.0,397.0,1172.0,898,OPERATIONAL,$$,True
ChIJD9ldZ9jZDIgRMUYeLZxDdPQ,Urbana Garden Family Restaurant,http://urbanagardenrestaurant.com/,American restaurant,,810 W Killarney St,Urbana,61801,Illinois,40.1329614,-88.2187966,4.4,1445.0,42.0,36.0,129.0,361.0,877.0,239,OPERATIONAL,$,True
ChIJ14I1w3XXDIgRsIxIOTftS4Q,Silvercreek,https://www.couriersilvercreek.com/,Restaurant,,402 N Race St,Urbana,61801,Illinois,40.1154972,-88.2088083,4.5,843.0,21.0,25.0,52.0,150.0,595.0,515,OPERATIONAL,$$$,True
ChIJA8eR9SjYDIgRGxQ28fd1aBg,Cracker Barrel Old Country Store,https://www.crackerbarrel.com/Locations/States/il/urbana/129/?utm_source=google,American restaurant,,2101 N Kenyon Rd,Urbana,61802,Illinois,40.1334615,-88.1995424,4.4,2948.0,121.0,91.0,235.0,642.0,1859.0,684,OPERATIONAL,$$,True
ChIJO6srX0zXDIgRaywVouCA2i8,Big Grove Tavern,http://www.biggrovetavern.com/,American restaurant,Downtown Champaign,1 E Main St,Champaign,61820,Illinois,40.1182209,-88.2432489,4.2,1008.0,63.0,61.0,93.0,209.0,582.0,617,OPERATIONAL,$$,True
ChIJE5Nmc3XXDIgRhwsnwfzxo_A,Bunny's Tavern,http://bunnystavern.com/,Restaurant,,119 W Water St,Urbana,61801,Illinois,40.1131973,-88.2083191,4.6,952.0,17.0,10.0,52.0,197.0,676.0,243,OPERATIONAL,$,True
ChIJhSqTw0zXDIgRMODsV6mmjRM,Farren's Pub & Eatery,http://www.farrenspub.com/,Restaurant,Downtown Champaign,117 N Walnut St,Champaign,61820,Illinois,40.1171104,-88.2424996,4.5,1254.0,29.0,30.0,71.0,273.0,851.0,382,OPERATIONAL,$$,True
ChIJFeza-BPXDIgR4As0XIHLEds,Basil Thai At Urbana,https://orders.cake.net/10200534,Thai restaurant,,701 S Gregory St # B,Urbana,61801,Illinois,40.1064277,-88.2217282,4.0,295.0,24.0,14.0,39.0,84.0,134.0,176,OPERATIONAL,$$,True
ChIJuVct82nXDIgRKdGAHV-QyDc,Perkins Restaurant & Bakery,https://perkinsrestaurants.com/locations/us/il/urbana/1214-west-university-ave,Restaurant,,1214 W University Ave,Urbana,61801,Illinois,40.116668,-88.2254413,4.2,1457.0,95.0,57.0,155.0,365.0,785.0,474,OPERATIONAL,$$,True
ChIJ8UWzHXXXDIgR00NCwWoTlyE,Siam Terrace,https://www.siamterraceurbana.com/,Thai restaurant,,212 W Main St,Urbana,61801,Illinois,40.1125615,-88.2094247,4.5,554.0,14.0,14.0,29.0,123.0,374.0,379,OPERATIONAL,$$,True
ChIJ5XpwPFjXDIgRCY3607Fh-Ho,Dubai Grill,https://middleeasternfoodurbana.com/,Middle Eastern restaurant,,701 S Gregory St,Urbana,61801,Illinois,40.1068935,-88.2220418,4.7,241.0,8.0,3.0,2.0,20.0,208.0,195,OPERATIONAL,$,True
ChIJa-iP-hPXDIgRLvfnTZl_kcQ,Bab Plus Restaurant,,Korean restaurant,,700 S Gregory St,Urbana,61801,Illinois,40.1066536,-88.2212943,4.1,213.0,21.0,6.0,16.0,56.0,114.0,129,OPERATIONAL,$$,True
ChIJSRtSeD_XDIgRcxA5WTCwY5A,Shawarma Joint,https://www.shawarma-joint.com/,Middle Eastern restaurant,,102 E University Ave,Urbana,61801,Illinois,40.1167494,-88.20718,4.8,191.0,4.0,2.0,1.0,14.0,170.0,107,OPERATIONAL,$$,True
ChIJC7w_krzXDIgRUnmf5TuPvbY,Huaraches Moroleon,http://huarachesmoroleon.com/,Mexican restaurant,,805 Philo Rd,Urbana,61801,Illinois,40.105816,-88.195171,4.6,1494.0,48.0,26.0,70.0,246.0,1104.0,473,OPERATIONAL,$,True
ChIJ0dkECHXXDIgRGAondTSj7io,Masijta Grill korean BBQ,https://www.masijtakbbq.com/,Korean restaurant,,202 N Race St,Urbana,61801,Illinois,40.1135718,-88.2087615,4.0,528.0,76.0,20.0,37.0,103.0,292.0,680,OPERATIONAL,$$,True
ChIJxZkDMBTXDIgRbMTuiFFufRk,The Bread Company,http://www.thebread.co/,Bistro,,706 S Goodwin Ave,Urbana,61801,Illinois,40.1067362,-88.2236159,4.6,636.0,13.0,9.0,26.0,126.0,462.0,377,OPERATIONAL,$$,True
ChIJ0RjfKwvXDIgRDixT8Jliqo4,Sakura Japanese Cuisine,https://www.sakurajapanesecuisineil.com/,Japanese restaurant,,132 W Main St,Urbana,61801,Illinois,40.1126383,-88.2086159,4.5,214.0,7.0,9.0,15.0,28.0,155.0,366,OPERATIONAL,$$,True
ChIJFeza-BPXDIgRj8B2k8NcRPA,KoFusion Urbana,https://www.toasttab.com/kofusioncampus,Restaurant,,701 S Gregory St,Urbana,61801,Illinois,40.1067198,-88.2217306,4.2,234.0,10.0,7.0,24.0,69.0,124.0,160,OPERATIONAL,$$,True
ChIJu5mT_BPXDIgRuEyU_ff60ms,bb.q Chicken Urbana Champaign,https://bbqchicken.com/locations/,Chicken restaurant,,700 S Gregory St,Urbana,61801,Illinois,40.1063894,-88.2213028,3.7,139.0,24.0,7.0,20.0,27.0,61.0,168,OPERATIONAL,$,True
ChIJLa-j7nXXDIgRBZftQBHIiNY,Broadway Food Hall,http://broadwayfoodhall.com/,Restaurant,,401 N Broadway Ave,Urbana,61801,Illinois,40.1151812,-88.2080223,4.6,352.0,1.0,7.0,22.0,78.0,244.0,263,OPERATIONAL,,True
ChIJrXSRUy3XDIgR-6EoS_H1C4I,Wood N’ Hog BBQ,https://www.facebook.com/WoodNHogBarbecue/,Barbecue restaurant,,101 W University Ave,Urbana,61801,Illinois,40.1162086,-88.2078958,4.1,319.0,30.0,19.0,36.0,41.0,193.0,63,OPERATIONAL,$$,True
ChIJcZx2tmXXDIgRTxQF2U4L_x4,Culver’s,http://www.culvers.com/restaurants/urbana-il-w-university-ave?utm_source=Google,American restaurant,,201 W University Ave,Urbana,61801,Illinois,40.1160926,-88.209587,4.5,846.0,27.0,16.0,48.0,201.0,554.0,115,OPERATIONAL,$,True
ChIJ557SePvXDIgR7w3rsaGrDRk,El Paraiso,,Restaurant,,126 W Main St,Urbana,61801,Illinois,40.1125801,-88.2084843,4.8,47.0,1.0,1.0,0.0,2.0,43.0,62,OPERATIONAL,$$,True
ChIJ5Vz6nJPXDIgRiSuX7l-vcfk,Tres Nopales,https://www.tresnopales.com/,Mexican restaurant,,114 S Race St,Urbana,61801,Illinois,40.1119323,-88.2086633,4.6,241.0,8.0,6.0,10.0,34.0,183.0,237,OPERATIONAL,$,True
ChIJVVUFr27XDIgRU7BkU8zJIbI,Pastamania,https://pastamania.us/contact,Restaurant,,1004 W University Ave,Urbana,61801,Illinois,40.1166604,-88.2208982,4.5,42.0,3.0,1.0,0.0,4.0,34.0,57,OPERATIONAL,$$,True
ChIJYy9Y5Z3XDIgRzPhMXRdBTnY,Panda Express,https://www.pandaexpress.com/locations/il/urbana/2836,Chinese restaurant,,106 E University Ave,Urbana,61801,Illinois,40.1168417,-88.206665,3.8,446.0,61.0,33.0,43.0,112.0,197.0,38,OPERATIONAL,$,True
ChIJi7HSaRDaDIgRLAsHmAH0anI,Portillo's Champaign,https://www.portillos.com/locations/champaign/?utm_source=google,Fast food restaurant,,2306 N Prospect Ave,Champaign,61822,Illinois,40.144219,-88.256994,4.3,3875.0,182.0,131.0,334.0,765.0,2463.0,1056,OPERATIONAL,$,True
ChIJqSwIG0PXDIgRpQPPIanX5oc,Encanto Restaurant and Bar,,Mexican restaurant,,115 W Main St,Urbana,61801,Illinois,40.1121427,-88.2080353,4.5,113.0,2.0,5.0,7.0,19.0,80.0,111,OPERATIONAL,,True
ChIJw-iDc9XXDIgRH3ylcNPTrZI,Les Gourmets Cuisine,http://www.lesgourmetsbychris.com/,Restaurant,,401 N Broadway Ave,Urbana,61801,Illinois,40.1152347,-88.208163,4.7,13.0,1.0,0.0,0.0,0.0,12.0,70,OPERATIONAL,$$,True
ChIJZ-ILryzXDIgR_X61yZlYNbE,Baxters American Grille,https://baxtersgrille.com/,American restaurant,,100 Trade Ctr Dr,Champaign,61820,Illinois,40.0970619,-88.2456278,4.4,794.0,30.0,25.0,55.0,144.0,540.0,422,OPERATIONAL,$$,True
ChIJAcUAjojXDIgRi_VQRfipH0M,Casa Del Mar,https://www.facebook.com/Casa-Del-Mar-2353893441503807/,Mexican restaurant,,2870 S Philo Rd,Urbana,61802,Illinois,40.0816058,-88.188775,4.5,670.0,9.0,19.0,34.0,158.0,450.0,260,OPERATIONAL,$$,False
ChIJGalvnm7XDIgRBtQWj9m5_Xw,Dairy Queen Grill & Chill,https://www.dairyqueen.com/en-us/locations/il/urbana/911-w-university/1395/?utm_source=organic,Fast food restaurant,,911 W University Ave,Urbana,61801,Illinois,40.1161399,-88.2202846,4.2,544.0,24.0,24.0,61.0,167.0,268.0,85,OPERATIONAL,$,True
ChIJK1bMdXbXDIgRLISjCVFVpWQ,Windy City Express,https://windycityexpress.e-tab.com/windycityexpress#!/order-type,Fast food restaurant,,410 N Race St,Urbana,61801,Illinois,40.1161753,-88.2086737,4.4,640.0,31.0,8.0,46.0,126.0,429.0,62,OPERATIONAL,$,True
ChIJbXkySZzXDIgRnpKCXGpkJ4k,Arby's,https://locations.arbys.com/il/urbana/509-n-cunningham.html?utm_source=google%20my%20business,Fast food restaurant,,509 N Cunningham Ave,Urbana,61801,Illinois,40.1178139,-88.2048279,4.0,601.0,43.0,28.0,87.0,170.0,273.0,44,OPERATIONAL,$,True
ChIJy8hHOhTXDIgRw8-A4gSrjXo,Manolo's Pizza & Empanadas,http://manolospizza.com/,Pizza restaurant,,1115 W Oregon St,Urbana,61801,Illinois,40.1068684,-88.2233919,4.4,508.0,18.0,14.0,38.0,111.0,327.0,77,OPERATIONAL,$,True
ChIJVU0tYWnXDIgRe4I1I0YcD9I,Burger King,https://burgerking.com/store-locator/store/restaurant_23064,Restaurant,,1106 W University Ave,Urbana,61801,Illinois,40.1166486,-88.2231063,3.4,659.0,143.0,50.0,80.0,152.0,234.0,91,OPERATIONAL,$,True
ChIJ-Wkd2pPXDIgR00QRajSyHh4,A Taste of Both Worlds,http://tastebothworlds.com/,Restaurant,,401 N Broadway Ave,Urbana,61801,Illinois,40.1152347,-88.2081631,4.8,140.0,2.0,4.0,2.0,10.0,122.0,145,OPERATIONAL,$$,True
ChIJ78crA2zXDIgRYRRyv19IXe0,Taco Bell,https://locations.tacobell.com/il/urbana/1003-university.html?utm_source=yext,Fast food restaurant,,1003 University,Urbana,61801,Illinois,40.1162192,-88.2211233,3.7,1034.0,150.0,67.0,151.0,243.0,423.0,230,OPERATIONAL,$,True
ChIJKbhj9RbXDIgRWAYfIpznmho,Spice Box,https://spicebox.illinois.edu/,Restaurant,,905 S Goodwin Ave,Urbana,61801,Illinois,40.104724,-88.2241965,4.6,15.0,1.0,0.0,0.0,2.0,12.0,15,OPERATIONAL,,False
ChIJwacskXTXDIgRJcsXwgon-_U,Strawberry Fields Cafe,http://www.strawberry-fields.com/,Cafe,,306 W Springfield Ave,Urbana,61801,Illinois,40.1126128,-88.2113898,4.3,239.0,8.0,6.0,25.0,56.0,144.0,154,OPERATIONAL,$$$,True
ChIJj7naiUzXDIgRysCvEK40uVY,Hamilton Walker's,https://www.hamiltonwalkers.com/?y_source=1_NTM2NjMyNDEtNzE1LWxvY2F0aW9uLndlYnNpdGU%3D,Steak house,Downtown Champaign,201 N Neil St,Champaign,61820,Illinois,40.117497,-88.243766,4.4,844.0,27.0,37.0,55.0,136.0,589.0,663,OPERATIONAL,$$$,True
ChIJyZ-YWFrXDIgRQ78mxkN5oPY,Neil St. Blues,https://www.neilstblues.com/,Soul food restaurant,Downtown Champaign,301 N Neil St #106,Champaign,61820,Illinois,40.1189942,-88.2437321,4.5,912.0,40.0,27.0,58.0,140.0,647.0,411,OPERATIONAL,$$,True
ChIJKbhj9RbXDIgRmSmTmXrOdZw,Bevier Cafe,http://beviercafe.illinois.edu/,Restaurant,,905 S Goodwin Ave #298,Urbana,61801,Illinois,40.104724,-88.2241965,4.4,35.0,1.0,2.0,0.0,10.0,22.0,12,OPERATIONAL,,False
ChIJBUwndT_XDIgRq-dn6OFKEe0,Mia Za's,http://www.miazas.com/,Italian restaurant,Campustown,629 E Green St #5701,Champaign,61820,Illinois,40.1101799,-88.2291573,4.4,695.0,27.0,15.0,56.0,176.0,421.0,176,OPERATIONAL,$,True
ChIJI_EG90vXDIgRsfh08quGoOY,Seven Saints,http://www.sevensaintsbar.com/,Bar & grill,Downtown Champaign,32 E Chester St,Champaign,61820,Illinois,40.1165433,-88.2419351,4.6,1994.0,29.0,36.0,88.0,426.0,1415.0,647,OPERATIONAL,$$,True
ChIJB30-EHbXDIgRtlpBUU0AheY,Jimmy John's,https://locations.jimmyjohns.com/il/urbana/sandwiches-9036.html?utm_source=google%20my%20business,Sandwich shop,,102 E University Ave Ste. A,Urbana,61801,Illinois,40.1168182,-88.2071098,3.8,306.0,48.0,20.0,26.0,73.0,139.0,17,OPERATIONAL,$,True
ChIJFZiKNT_XDIgRGo1TCsq9bG0,Signature Grill,http://thesignaturegrill.com/,Restaurant,Campustown,505 E Green St #3,Champaign,61820,Illinois,40.1101223,-88.2313135,4.4,708.0,32.0,26.0,49.0,153.0,448.0,240,OPERATIONAL,$,True
ChIJfQ1D-yzXDIgRe-Dpfyvb0Qo,Merry Ann's Diner,http://www.merryannsdiner.com/,Diner,,1510 S Neil St,Champaign,61820,Illinois,40.0983112,-88.2442831,4.5,1769.0,51.0,47.0,122.0,339.0,1210.0,372,OPERATIONAL,$,True
ChIJR3JKUnHXDIgRIGd56vtzGqU,KFC,https://locations.kfc.com/il/urbana/410-university-avenue,Chicken restaurant,,410 E University Ave,Urbana,61801,Illinois,40.1167647,-88.2122393,3.4,789.0,156.0,74.0,118.0,156.0,285.0,59,OPERATIONAL,$,True
ChIJ9-8gs37XDIgRieLxV-B4LSA,Napolis Italian Restaurant- Champaign,https://napolisitalianchampaign.com/,Restaurant,,1807 S Neil St,Champaign,61820,Illinois,40.094077,-88.2473831,4.9,66.0,1.0,0.0,1.0,3.0,61.0,57,OPERATIONAL,$$,True
ChIJEc2zbTbXDIgR7BBRtO5y-rw,K Bowl Inc.,http://sushi-kame.com/,Restaurant,Campustown,39 E Green St,Champaign,61820,Illinois,40.1097805,-88.2409004,4.4,35.0,2.0,1.0,2.0,5.0,25.0,56,OPERATIONAL,$,True
ChIJZQrmY0zXDIgRBitutkVMdjI,Nando Milano,http://www.nandomilanochampaign.com/,Italian restaurant,Downtown Champaign,204 N Neil St,Champaign,61820,Illinois,40.1175277,-88.243351,4.2,512.0,39.0,34.0,39.0,65.0,335.0,457,OPERATIONAL,$$,True
ChIJbfpTIZ_XDIgR-IaQGY_YHgk,Xinh Xinh Cafe,https://smorefood.com/order-online/xinh-xinh-caf-urbana-61802-cc8phd16?utm_source=gmb,Vietnamese restaurant,,114 N Vine St,Urbana,61802,Illinois,40.1131997,-88.2031473,4.5,340.0,9.0,5.0,24.0,70.0,232.0,296,OPERATIONAL,$,True
ChIJUyvfoTzXDIgRNBjd9QWwJHg,Conrad's Grill - Champaign,https://www.conradsgrill.com/champaign,Restaurant,Campustown,301 E Green St,Champaign,61820,Illinois,40.1099896,-88.2351531,4.0,44.0,7.0,2.0,4.0,4.0,27.0,52,OPERATIONAL,,True
ChIJO5iask7XDIgRnlRSQ-bHxZs,Maize at the Station,http://www.maizemexicangrill.com/,Mexican restaurant,Downtown Champaign,100 N Chestnut St,Champaign,61820,Illinois,40.1164918,-88.2407756,4.4,1179.0,39.0,38.0,84.0,223.0,795.0,480,OPERATIONAL,$,True
ChIJFXhGgBHXDIgRy7Kq1jRKyUQ,Jimmy John's,https://locations.jimmyjohns.com/il/urbana/sandwiches-9008.html?utm_source=google%20my%20business,Sandwich shop,,807 S Lincoln Ave,Urbana,61801,Illinois,40.1055563,-88.2193237,3.9,162.0,24.0,9.0,12.0,38.0,79.0,23,OPERATIONAL,$,True
ChIJFbO5rlvXDIgRS8_IeJ-J8WU,Wood N' Hog Barbecue Catering,https://www.facebook.com/WoodNHogBarbecueDowntown/,Barbecue restaurant,Downtown Champaign,500 N Walnut St,Champaign,61820,Illinois,40.1200844,-88.2409272,4.4,303.0,18.0,6.0,20.0,39.0,220.0,92,OPERATIONAL,$$,True
ChIJ64MmPtfXDIgRkgw6W4pMtAI,Four American Grill - Four Breakfast & More,https://fourbreakfast.com/,Breakfast restaurant,Campustown,401 E Green St,Champaign,61820,Illinois,40.1101023,-88.2333023,4.2,204.0,15.0,11.0,20.0,38.0,120.0,58,OPERATIONAL,$,True
ChIJcfzEA6XXDIgRfFP5XFDjjG4,Cravings,https://cravings2538.com/,Chinese restaurant,Campustown,603 S Wright St,Champaign,61820,Illinois,40.1113161,-88.2290516,4.7,264.0,7.0,3.0,10.0,31.0,213.0,367,OPERATIONAL,$,True
ChIJf_3DcC3XDIgREENlQ4b97PQ,Rainbow Garden,http://www.rainbow-garden.com/,Chinese restaurant,,1402 S Neil St,Champaign,61820,Illinois,40.1006645,-88.2439258,4.2,454.0,28.0,23.0,40.0,108.0,255.0,332,OPERATIONAL,$$,True
ChIJx4iHkTjXDIgRb-vOa9lpwvs,The Empanadas House,,South American restaurant,Campustown,404 E Green St,Champaign,61820,Illinois,40.1104457,-88.2330915,4.3,31.0,3.0,0.0,1.0,7.0,20.0,16,OPERATIONAL,$,True
ChIJoe2zRSvRDIgRU5rap1s-DrY,Biaggi's Ristorante Italiano,http://www.biaggis.com/,Italian restaurant,,2235 S Neil St,Champaign,61820,Illinois,40.0866021,-88.2470183,4.3,1524.0,67.0,37.0,135.0,352.0,933.0,728,OPERATIONAL,$$,True
ChIJRzAtXz_XDIgRo6V3stqgBXI,Jip Bap,http://www.jipbapcu.com/,Korean restaurant,Campustown,601 S 6th St Suite 101,Champaign,61820,Illinois,40.1113605,-88.2305906,4.3,343.0,14.0,14.0,24.0,85.0,206.0,233,OPERATIONAL,$,True
ChIJmYtYOz_XDIgRheUuWFqnMBI,EVO 重慶,https://evocafeil.com/,Chinese restaurant,Campustown,711 S 6th St,Champaign,61820,Illinois,40.1094391,-88.2306035,4.1,248.0,22.0,9.0,30.0,53.0,134.0,599,OPERATIONAL,$,True
ChIJlXzjdTbXDIgRp05iPjfS7aU,D.P. Dough,http://www.dpdough.com/,Pizza restaurant,Campustown,33B E Green St,Champaign,61820,Illinois,40.1100222,-88.2410473,4.6,340.0,14.0,8.0,10.0,47.0,261.0,52,OPERATIONAL,$,True
ChIJ1wD_p03XDIgRmF-XzG8FVhA,Sticky Rice,http://www.stickyricechampaign.com/,Restaurant,Downtown Champaign,415 N Neil St,Champaign,61820,Illinois,40.1198324,-88.2437684,4.6,485.0,12.0,8.0,15.0,83.0,367.0,353,OPERATIONAL,$$,True
ChIJQyhwbivRDIgRZA8gWIr3loY,Le Peep,http://champaignlepeep.com/,Breakfast restaurant,,2209 S Neil St,Champaign,61820,Illinois,40.087223,-88.2479782,4.5,830.0,26.0,12.0,55.0,179.0,558.0,333,OPERATIONAL,$$,True
ChIJk_YGD27XDIgRFbg5ygB1BWw,Subway,https://restaurants.subway.com/united-states/il/urbana/802-w-university?utm_source=yxt-goog,Sandwich shop,,802 W University Ave,Urbana,61801,Illinois,40.1167194,-88.2176646,3.8,182.0,25.0,12.0,23.0,42.0,80.0,209,OPERATIONAL,$,True
ChIJFeza-BPXDIgR0sQT4M9X1Ks,Subway,https://restaurants.subway.com/united-states/il/urbana/701-s-gregory-street?utm_source=yxt-goog,Sandwich shop,,701 S Gregory St Suite A,Urbana,61801,Illinois,40.1062126,-88.2217385,3.6,58.0,12.0,1.0,9.0,15.0,21.0,227,OPERATIONAL,$,True
ChIJ9e66yZ3XDIgRetwDl1illhk,Wendy's,https://locations.wendys.com/united-states/il/urbana/505-n-cunningham?utm_source=Yext,Fast food restaurant,,505 N Cunningham Ave,Urbana,61802,Illinois,40.1172455,-88.2050979,3.6,1158.0,181.0,88.0,195.0,283.0,411.0,454,OPERATIONAL,$,True
ChIJv8lkCT_XDIgR_06HwKpZYYI,Chipotle Mexican Grill,https://locations.chipotle.com/il/champaign/528-e-green-st?utm_source=google,Mexican restaurant,Campustown,528 E Green St,Champaign,61820,Illinois,40.110424,-88.2306421,3.6,734.0,135.0,43.0,78.0,211.0,267.0,82,OPERATIONAL,$,True
ChIJDyfYfz_XDIgRLo8TE1cbBVM,Jerusalem Middle Eastern Cuisine,http://jerusalem-cuisine.keeq.io/,Middle Eastern restaurant,Campustown,601 S Wright St,Champaign,61820,Illinois,40.1113851,-88.2290497,4.5,233.0,15.0,4.0,12.0,27.0,175.0,92,OPERATIONAL,$,False
ChIJOWKTft_XDIgRbLrCLaA2f2k,Fyrefly Grill,,Restaurant,,407 W University Ave,Urbana,61801,Illinois,40.1162409,-88.2118032,4.7,28.0,2.0,0.0,0.0,0.0,26.0,57,CLOSED_TEMPORARILY,,False
ChIJ79W-3BXXDIgR6D6Xck5viGo,Red Herring Vegetarian Restaurant,https://www.redherringlove.com/,Vegetarian restaurant,,1209 W Oregon St,Urbana,61801,Illinois,40.1068011,-88.2252231,4.5,188.0,4.0,4.0,13.0,39.0,128.0,87,CLOSED_TEMPORARILY,$$,True
ChIJH3-2NvwnDYgRzphLT9vC9Yk,Apple Dumpling,,American restaurant,,2014 N High Cross Rd,Urbana,61802,Illinois,40.1336934,-88.1624994,4.6,910.0,26.0,22.0,53.0,132.0,677.0,193,OPERATIONAL,$,True
ChIJYyNB04fXDIgRcBEg6oQZfmU,Hickory River Smokehouse,https://www.hickoryriver.com/locations/illinois/urbana/overview.html,Barbecue restaurant,,1706 N Cunningham Ave,Urbana,61802,Illinois,40.1288272,-88.1977672,4.3,1171.0,50.0,51.0,94.0,257.0,719.0,127,OPERATIONAL,$$,True
ChIJj3D5i03XDIgRpuuBvcUuxxE,La Mixteca Restaurant,https://lamixtecarestaurantil.com/,Mexican restaurant,,510 N Cunningham Ave #4,Urbana,61802,Illinois,40.1174599,-88.2031429,4.3,521.0,39.0,15.0,27.0,93.0,347.0,238,OPERATIONAL,$$,True
ChIJ5QSl4rvXDIgRQOdZUuNw-4A,Boomerangs Bar & Grill,http://www.boomerangsbarandgrill.com/,Bar & grill,,1309 E Washington St,Urbana,61802,Illinois,40.1049926,-88.1925244,4.3,408.0,25.0,9.0,35.0,87.0,252.0,148,OPERATIONAL,$,True
ChIJUfTIDEnWDIgRq6FllEyOg6E,Monical's Pizza,https://www.monicals.com/locations/monicals-pizza-of-urbana,Pizza restaurant,,2720 Philo Rd,Urbana,61802,Illinois,40.082707,-88.1900074,4.4,533.0,21.0,18.0,39.0,110.0,345.0,148,OPERATIONAL,$$,True
ChIJVUYw47bXDIgRIVBJKai5zJI,Sunny China Buffet,,Chinese restaurant,,1703 Philo Rd,Urbana,61802,Illinois,40.0976683,-88.191226,4.0,492.0,41.0,26.0,58.0,125.0,242.0,166,OPERATIONAL,$,False
ChIJUxJbZCjYDIgRDGbrPRRfSqM,Steak 'n Shake,https://www.steaknshake.com/locations/il-urbana-kenyon-road/,Hamburger restaurant,,2009 N Kenyon Rd,Urbana,61802,Illinois,40.133216,-88.198607,3.6,1300.0,197.0,103.0,182.0,317.0,501.0,256,OPERATIONAL,$,True
ChIJ_T8s9oTXDIgRxlM2mG3RiXo,Toro Loco,https://bit.ly/torolocourbana,Mexican restaurant,,1601 N Cunningham Ave,Urbana,61802,Illinois,40.1280615,-88.199974,4.4,1168.0,36.0,32.0,98.0,251.0,751.0,235,OPERATIONAL,$$,True
ChIJm3zhkbbXDIgRCGXQSpxWFX4,First Wok,http://www.firstwokil.com/,Chinese restaurant,,1815 Philo Rd,Urbana,61802,Illinois,40.09567,-88.1928805,4.2,222.0,17.0,5.0,17.0,54.0,129.0,82,OPERATIONAL,$,True
ChIJadPnyIfXDIgR-Bl16MIMvq4,Sepelas Restaurant,https://sepelas.com/,African restaurant,,510 N Cunningham Ave suite 8,Urbana,61802,Illinois,40.1173824,-88.2028205,5.0,17.0,0.0,0.0,0.0,0.0,17.0,126,OPERATIONAL,$,True
ChIJlb6Wq5_XDIgRh7bt28L1Ul8,China Garden,https://chinagardeniltogo.com/,Chinese restaurant,,114-M N Vine St,Urbana,61802,Illinois,40.113478,-88.203065,4.0,134.0,13.0,6.0,18.0,23.0,74.0,189,OPERATIONAL,$$,True
ChIJq-RUA7fXDIgRgOJ5KiQrjog,Burger King,https://burgerking.com/store-locator/store/restaurant_17019,Restaurant,,1708 Philo Rd,Urbana,61802,Illinois,40.0974413,-88.1902854,3.3,382.0,94.0,31.0,55.0,79.0,123.0,39,OPERATIONAL,$,True
ChIJk_SYXITXDIgRkfB76bkhmWI,Domino's Pizza,https://www.dominos.com/en/?utm_source=google,Pizza delivery,,407 E University Ave Ste 102,Urbana,61802,Illinois,40.1159169,-88.2029535,3.3,460.0,148.0,16.0,40.0,61.0,195.0,58,OPERATIONAL,$,True
ChIJI4HIDEnWDIgRcaOaRJqI5rE,Subway,https://restaurants.subway.com/united-states/il/urbana/2740-south-philo-road?utm_source=yxt-goog,Sandwich shop,,2740 S Philo Rd Suite A,Urbana,61802,Illinois,40.0830541,-88.18907,3.7,108.0,18.0,2.0,17.0,24.0,47.0,224,OPERATIONAL,$,True
ChIJ47tsLzHXDIgRI-i-FbC_Hog,Wingstop,https://www.wingstop.com/location/wingstop-2319-champaign-il-61802/menu?y_source=1_OTEyNTkzOTAtNzE1LWxvY2F0aW9uLndlYnNpdGU%3D,Chicken wings restaurant,,200 N Vine St Suite 114V,Urbana,61802,Illinois,40.1138028,-88.2030899,3.7,36.0,10.0,0.0,2.0,3.0,21.0,3,OPERATIONAL,$$,True
ChIJd8su5bbXDIgRuxKTEV9MqNQ,McDonald's,https://www.mcdonalds.com/us/en-us/location/IL/URBANA/1705-S-PHILO-ROAD/6265.html?cid=RF:YXT:GMB::Clicks,Fast food restaurant,,1705 S Philo Rd,Urbana,61801,Illinois,40.0973689,-88.1911994,3.3,590.0,118.0,64.0,112.0,121.0,175.0,118,OPERATIONAL,$,True
ChIJjwdHI4TXDIgRU0kZHchSByY,Illinois Street Dining Center (ISR Dining Center),https://housing.illinois.edu/dine/locations,Restaurant,,1010 W Illinois St,Urbana,61801,Illinois,40.1101546,-88.2218494,4.1,28.0,4.0,0.0,1.0,7.0,16.0,18,OPERATIONAL,,False
ChIJFeza-BPXDIgR5Tv11ezLwA8,Rosati's Pizza,https://www.rosatispizzaurbana.com/,Pizza restaurant,,701 S Gregory St H,Urbana,61801,Illinois,40.1064786,-88.2217114,4.1,393.0,41.0,16.0,33.0,82.0,221.0,145,OPERATIONAL,$$,True
ChIJjdoQtdrXDIgRNe39jglxc7A,Picadeli,https://www.picadeli.us/,Salad shop,,200 N Vine St,Urbana,61802,Illinois,40.1139865,-88.2029151,,,,,,,,4,OPERATIONAL,,True
ChIJ2-zLT5zXDIgRDCUNjqsHriE,McDonald's,https://www.mcdonalds.com/us/en-us/location/IL/URBANA/601-N-CUNNINGHAM/4006.html?cid=RF:YXT:GMB::Clicks,Fast food restaurant,,601 N Cunningham Ave,Urbana,61801,Illinois,40.1182515,-88.2044307,3.4,1546.0,270.0,125.0,308.0,357.0,486.0,187,OPERATIONAL,$,True
ChIJJZr4ig7XDIgR7nGxpo6IRU0,Los Paisas,,Mexican restaurant,,607 N Cunningham Ave,Urbana,61802,Illinois,40.1186429,-88.2041528,4.8,9.0,0.0,0.0,0.0,2.0,7.0,21,OPERATIONAL,$,False
ChIJ21uvWADXDIgRWOSFYCks_XE,Aroma garden,https://www.aromagardenus.com/,Asian restaurant,,202 E University Ave setA,Urbana,61801,Illinois,40.11771,-88.2059038,5.0,2.0,0.0,0.0,0.0,0.0,2.0,31,OPERATIONAL,,True
ChIJrSiOH_zZDIgREtu1depy0TA,Olive Garden Italian Restaurant,https://www.olivegarden.com/locations/il/champaign/champaign/1176?cmpid=br:og_ag:ie_ch:loc_ca:OGGMB_sn:gmb_gt:champaign-il-1176_pl:locurl_rd:1126,Italian restaurant,,30 E Anthony Dr,Champaign,61820,Illinois,40.135857,-88.241166,4.2,2709.0,133.0,108.0,226.0,724.0,1518.0,603,OPERATIONAL,$$,True
ChIJr-SdQxgoDYgR8z5wLMHJ7Q8,Subway,https://restaurants.subway.com/united-states/il/urbana/100-s-high-cross-road?utm_source=yxt-goog,Sandwich shop,,100 S High Cross Rd,Urbana,61802,Illinois,40.1118788,-88.1594568,2.5,19.0,8.0,3.0,2.0,2.0,4.0,194,OPERATIONAL,$,True
ChIJT-lsZ0zXDIgR-fxSGmfPUaM,Guido's Bar & Grill,http://www.guidosbar.com/,Bar & grill,Downtown Champaign,2 E Main St,Champaign,61820,Illinois,40.117973,-88.24339,4.2,969.0,46.0,33.0,104.0,281.0,505.0,243,OPERATIONAL,$$,True
ChIJ0_WAMTrXDIgRO9zp0zXut14,Naya Indian Cuisine,https://nayaindiancuisineil.com/,Indian restaurant,Campustown,212 E Green St Ste #104,Champaign,61820,Illinois,40.1104121,-88.2356585,4.2,462.0,45.0,23.0,31.0,47.0,316.0,265,OPERATIONAL,$$,True
ChIJP1mvKBTXDIgRbTiB5iE_qjs,Timpone's,http://timpones-urbana.com/,Italian restaurant,,710 S Goodwin Ave,Urbana,61801,Illinois,40.1064461,-88.2236178,4.3,280.0,18.0,16.0,14.0,61.0,171.0,157,OPERATIONAL,$$$,True
ChIJiV_97yjXDIgRU_czihqtLs8,Houlihan's,http://www.stayatthei.com/houlihans,American restaurant,,1902 S 1st St,Champaign,61820,Illinois,40.0938997,-88.2377961,4.1,541.0,33.0,30.0,61.0,159.0,258.0,189,OPERATIONAL,$$,True
ChIJ7RWpKWzXDIgRG_5da08maNs,Einstein Bros. Bagels,https://locations.einsteinbros.com/us/il/urbana/901-w-university-ave?y_source=1_OTA1MDE0MS03MTUtbG9jYXRpb24ud2Vic2l0ZQ%3D%3D,Bagel shop,,901 W University Ave,Urbana,61801,Illinois,40.1161368,-88.2196636,4.4,386.0,13.0,12.0,30.0,92.0,239.0,112,OPERATIONAL,$,True
ChIJI78YfvTZDIgRT6IzL4wLlT4,Hacienda Agave,https://www.facebook.com/profile.php?id=100091569105698,Mexican restaurant,,202 Anthony Dr,Champaign,61822,Illinois,40.1369543,-88.2451584,4.5,135.0,6.0,3.0,5.0,20.0,101.0,188,OPERATIONAL,$$,True
ChIJh2H69YTXDIgR7fXzj727zJE,Bangkok Thai & PHO911#2,,Thai restaurant,,1104 N Cunningham Ave #1828,Urbana,61802,Illinois,40.1236405,-88.2006384,4.4,186.0,10.0,6.0,13.0,34.0,123.0,131,OPERATIONAL,$$,True
ChIJxwkLcT_XDIgRZtmcVWJWhgo,Spoon House Korean Kitchen,http://www.spoonhousecu.com/,Korean restaurant,Campustown,616 E Green St,Champaign,61820,Illinois,40.1104056,-88.2295528,4.1,248.0,17.0,8.0,25.0,70.0,128.0,319,OPERATIONAL,$$,True
ChIJe02aKjnXDIgR2a9dy2HIHes,Cafe Sababa,https://www.illinihillel.org/cafesababa,Kosher restaurant,Campustown,503 E John St,Champaign,61820,Illinois,40.1087694,-88.2316082,4.4,7.0,1.0,0.0,0.0,0.0,6.0,5,OPERATIONAL,,True
ChIJv8lkCT_XDIgR7SK4MGhE3pQ,Noodles and Company,https://locations.noodles.com/il/champaign/528-east-green.html?utm_campaign=yext,Restaurant,Campustown,528 E Green St,Champaign,61820,Illinois,40.1104555,-88.2305861,4.1,488.0,25.0,24.0,62.0,136.0,241.0,263,OPERATIONAL,$,True
ChIJU4zBwkzXDIgRwNXNIR8e0oo,The Himalayan Chimney,,Indian restaurant,Downtown Champaign,134 W Church St,Champaign,61820,Illinois,40.118371,-88.2450507,4.3,1028.0,72.0,36.0,71.0,218.0,631.0,591,OPERATIONAL,$$,True
ChIJFUmG5EjXDIgRMfPEJwLyHBw,Fiesta Cafe,,Mexican restaurant,Midtown,216 S 1st St,Champaign,61820,Illinois,40.1147913,-88.2384796,4.4,896.0,51.0,27.0,63.0,162.0,593.0,439,OPERATIONAL,$,False
ChIJc2ILmLvXDIgR04aEVPtxR6w,Thai Fusion,http://thaifusionchampaign.com/,Asian restaurant,Campustown,611B E Green St,Champaign,61820,Illinois,40.110186,-88.2297627,4.6,71.0,2.0,3.0,3.0,7.0,56.0,72,OPERATIONAL,$,True
ChIJSRUj4DHXDIgR6HkmFpKMumg,Namken Nutrition,https://namkennutrition.com/,Health food store,,2740 S Philo Rd Suite D,Urbana,61802,Illinois,40.0828635,-88.1890766,5.0,8.0,0.0,0.0,0.0,0.0,8.0,18,OPERATIONAL,,True
ChIJ6XyMgD_XDIgRa3DLDYdls7A,Ambar India Restaurant,,Indian restaurant,Campustown,605 S Wright St,Champaign,61820,Illinois,40.1112599,-88.2290795,3.6,483.0,70.0,36.0,79.0,116.0,182.0,187,OPERATIONAL,$$,True
ChIJUSQrlATXDIgRALmbIIS-UpE,The Space,http://thespacecu.com/,Restaurant,Downtown Champaign,1 E Main St Ste 107,Champaign,61820,Illinois,40.1181716,-88.2428643,4.7,88.0,2.0,2.0,2.0,6.0,76.0,157,OPERATIONAL,$$,True
ChIJG6XPhCrRDIgR2Glh88GGqtg,Farmhouse Restaurant,http://www.goharvestmarket.com/,Breakfast restaurant,,2029 S Neil St,Champaign,61820,Illinois,40.0905435,-88.2478091,4.4,205.0,5.0,8.0,16.0,51.0,125.0,105,OPERATIONAL,,False
ChIJOWrwlFrXDIgRHhkfYbchTjg,Shawarma Joint,https://www.shawarma-joint.com/,Middle Eastern restaurant,Campustown,627 E Green St,Champaign,61820,Illinois,40.110194,-88.2292969,4.6,437.0,16.0,3.0,19.0,62.0,337.0,227,OPERATIONAL,$$,True
ChIJ2YywvVTXDIgRRm6UktUnFso,Afghan Cuisine Restaurant,https://www.afghancuisinecu.com/,Afghan restaurant,,723 S Neil St Ste 101,Champaign,61820,Illinois,40.1068935,-88.2440424,4.9,141.0,0.0,1.0,2.0,8.0,130.0,132,OPERATIONAL,,True
ChIJLTbnJ23XDIgRmblW76iluI8,Forage Kitchen,http://eatforage.com/,Restaurant,Campustown,503 E Green St,Champaign,61820,Illinois,40.1100857,-88.2317602,4.6,80.0,4.0,2.0,2.0,6.0,66.0,28,OPERATIONAL,$$,True
ChIJy1uli0zXDIgRSUh0W3v0IMg,Watson's Shack & Rail,http://www.watsonschicken.com/,Chicken restaurant,Downtown Champaign,211 N Neil St,Champaign,61820,Illinois,40.1177129,-88.2436915,4.5,1256.0,37.0,41.0,56.0,249.0,873.0,834,OPERATIONAL,$$,True
ChIJr4WwnTLXDIgRDwCqFdwEQQE,Meatheads,http://www.meatheadsburgers.com/,Hamburger restaurant,,1305 S Neil St,Champaign,61820,Illinois,40.1013607,-88.2443634,4.4,1440.0,46.0,44.0,97.0,335.0,918.0,340,OPERATIONAL,$$,True
ChIJm118177XDIgRi_e_hICnGbc,Lanxang Thai-Lao Cuisine,http://www.lanxangthailaocuisine.com/,Restaurant,,905 S Neil St,Champaign,61820,Illinois,40.105186,-88.243876,4.6,94.0,6.0,1.0,4.0,4.0,79.0,240,OPERATIONAL,$$,True
ChIJVVVVqQrXDIgRnJVC_lp8TFo,Stango Cuisine,http://stangocu.com/,African restaurant,Downtown Champaign,500 N Walnut St,Champaign,61820,Illinois,40.1201447,-88.2410901,4.6,134.0,9.0,0.0,3.0,15.0,107.0,114,OPERATIONAL,$,True
ChIJM1VvWz_XDIgRI5BMom8rby8,POKE LAB CHAMPAIGN,https://www.toasttab.com/pokelab-champaign,Hawaiian restaurant,Campustown,605 S 6th St,Champaign,61820,Illinois,40.1108245,-88.2305678,4.0,244.0,27.0,12.0,20.0,51.0,134.0,135,OPERATIONAL,$,True
ChIJiZIjJknXDIgR8CBqGLrluGE,Manzella's Italian Patio,http://manzellasitalianrestaurant.com/,Italian restaurant,Midtown,115 S 1st St,Champaign,61820,Illinois,40.1158233,-88.2389659,4.5,459.0,14.0,16.0,31.0,71.0,327.0,139,OPERATIONAL,$$,True
ChIJTx3p1kPXDIgR3k1D3UD_aa4,Lao Sze Chuan Chinese Restaurant and Bar,https://pos.chowbus.com/online-ordering/store/295,Chinese restaurant,,608 E University Ave #105,Champaign,61820,Illinois,40.1166544,-88.2297642,4.2,379.0,41.0,7.0,37.0,57.0,237.0,851,OPERATIONAL,$$,True
ChIJd2F8dEzXDIgRnzoCk9yTHvQ,Sam's Cafe,https://www.facebook.com/samscafechampaign/,Diner,Downtown Champaign,115 N Walnut St,Champaign,61820,Illinois,40.1169622,-88.24257,4.6,618.0,20.0,9.0,31.0,92.0,466.0,97,OPERATIONAL,$,False
ChIJRb3NmbrRDIgRQAOSOF6796E,Billy Barooz Pub & Grill,http://www.billybarooz.com/,Restaurant,,2521 Village Green Pl,Champaign,61822,Illinois,40.0813391,-88.2967127,4.5,1242.0,30.0,33.0,76.0,293.0,810.0,320,OPERATIONAL,$$,False
ChIJN0BiXvjZDIgRAIXu_nvvj-A,Red Robin Gourmet Burgers and Brews,https://locations.redrobin.com/il/champaign/725/,Restaurant,,2010 N Neil St,Champaign,61820,Illinois,40.1411239,-88.2462019,4.1,1211.0,85.0,67.0,116.0,298.0,645.0,568,OPERATIONAL,$$,True
ChIJXTSE-jLXDIgRXYUfHxxKqUY,Papa Del's Pizza Factory,https://www.papadels.com/,Pizza restaurant,,1201 S Neil St,Champaign,61820,Illinois,40.1033217,-88.2439252,4.1,2293.0,216.0,128.0,167.0,443.0,1339.0,926,OPERATIONAL,$$,True
ChIJL7cF-iTXDIgRjS0e6GimFnQ,Oozu Ramen,https://oozuramen.com/,Ramen restaurant,Campustown,601 S 6th St #102,Champaign,61820,Illinois,40.1112889,-88.2305908,4.3,637.0,29.0,20.0,55.0,132.0,401.0,733,OPERATIONAL,$$,True
ChIJ21TVxIzQDIgRVoKydCWL0pg,The Original Pancake House,http://ophchampaign.com/,Breakfast restaurant,,1909 W Springfield Ave,Champaign,61821,Illinois,40.1124848,-88.2785445,4.7,1920.0,33.0,19.0,68.0,306.0,1494.0,856,OPERATIONAL,$$,True
ChIJ3xANcz_XDIgRbwg1u3vipYg,Mid Summer Lounge,https://www.midsummerlounge.com/,Chinese noodle restaurant,Campustown,623 E Green St,Champaign,61820,Illinois,40.1101577,-88.2294649,4.4,315.0,12.0,14.0,22.0,69.0,198.0,470,OPERATIONAL,$$,True
ChIJGUeLnT_XDIgRSmjnYZceP44,Panda Express,https://www.pandaexpress.com/locations/il/champaign/2341,Restaurant,Campustown,627 S Wright St,Champaign,61820,Illinois,40.1105861,-88.2291543,4.0,545.0,32.0,18.0,96.0,176.0,223.0,102,OPERATIONAL,$,True
ChIJ76xzezXXDIgR--eH3HbHVPk,Golden Harbor Authentic Chinese Cuisine,http://www.goldenharboronline.com/?utm_source=google,Chinese restaurant,,505 S Neil St,Champaign,61820,Illinois,40.1111276,-88.2436554,4.5,1100.0,30.0,31.0,53.0,194.0,792.0,1447,OPERATIONAL,$$,True
ChIJ57QPOobRDIgRGiVRPWk6P-A,Aspen Tap House,https://aspentaphouse.com/,Restaurant,,2001 S Neil St,Champaign,61820,Illinois,40.0922591,-88.2461754,4.3,1525.0,52.0,73.0,134.0,407.0,859.0,578,OPERATIONAL,$$,True
ChIJtUnsFi3XDIgRF_mwSlMwPDA,Cactus Grill,,Tex-Mex restaurant,,1405 S Neil St,Champaign,61820,Illinois,40.0996069,-88.2447489,4.5,276.0,12.0,7.0,10.0,39.0,208.0,32,OPERATIONAL,$,True
ChIJ50rPTdXWDIgRLuoF5XKr-gk,Slim Chickens,https://slimchickens.com/location/champaign-il-2037-south-neil-street-61820/,Chicken restaurant,,2037 S Neil St,Champaign,61820,Illinois,40.090508,-88.2464,3.9,994.0,98.0,63.0,130.0,247.0,456.0,400,OPERATIONAL,$,True
ChIJnUty5A7aDIgRp5ch5ncYcVY,Chili's Grill & Bar,https://www.chilis.com/locations/us/illinois/champaign/champaign?utm_source=google,Restaurant,,1905 N Prospect Ave,Champaign,61822,Illinois,40.139042,-88.2586,4.1,1665.0,125.0,67.0,208.0,450.0,815.0,527,OPERATIONAL,$$,True
ChIJmSF6DlLXDIgRKl-llsXkGEg,Mo's Burritos Restaurant,,Mexican restaurant,,705 N Neil St,Champaign,61820,Illinois,40.122452,-88.2440267,4.8,219.0,3.0,4.0,4.0,22.0,186.0,77,OPERATIONAL,$,True
ChIJKSkUzvjZDIgRLJijFCXcl8w,Bob Evans,https://www.bobevans.com/locations/champaign?utm_source=google,Family restaurant,,1813 N Neil St,Champaign,61820,Illinois,40.1375758,-88.2444831,3.9,1268.0,130.0,80.0,166.0,311.0,581.0,572,OPERATIONAL,$$,True
ChIJZRKmK1fXDIgRiyYKYtNerlA,Big J J Fish & Chicken,https://www.bigjjfishandchickenchampaign.com/,American restaurant,,1114 N Market St,Champaign,61820,Illinois,40.1269433,-88.2386034,4.3,660.0,44.0,19.0,40.0,131.0,426.0,116,OPERATIONAL,$,True
ChIJx4iHkTjXDIgRcXG3Vp9LqxQ,Burrito King Mexican Grill,,Mexican restaurant,Campustown,408 E Green St,Champaign,61820,Illinois,40.1104143,-88.2327362,4.0,517.0,52.0,33.0,54.0,94.0,284.0,144,OPERATIONAL,$,True
ChIJVY3IYgbXDIgRxS4oQ6REc34,Raising Cane's Chicken Fingers,https://locations.raisingcanes.com/il/champaign/411-e-green-st,Fast food restaurant,Campustown,411 E Green St,Champaign,61820,Illinois,40.1100869,-88.2323081,4.3,206.0,11.0,10.0,19.0,42.0,124.0,73,OPERATIONAL,$,True
ChIJEcJXC1bXDIgRKHH2dKLIBLg,Yogi Korean Restaurant,,Korean restaurant,Campustown,608 E Green St,Champaign,61820,Illinois,40.1105791,-88.2300103,3.8,117.0,16.0,7.0,13.0,26.0,55.0,158,OPERATIONAL,$$,False
ChIJlzqRiDTXDIgRKB7rQIu9wyc,El Toro,http://www.eltororestaurante.com/,Mexican restaurant,,1005 S Neil St,Champaign,61820,Illinois,40.1042878,-88.2440345,4.1,563.0,51.0,20.0,62.0,140.0,290.0,189,OPERATIONAL,$$,False
ChIJISpPcavXDIgRNMPcPLFv_kw,Fernandos Food Truck,,Taco restaurant,Downtown Champaign,23 E Main St,Champaign,61820,Illinois,40.1180797,-88.2423074,4.6,67.0,6.0,0.0,1.0,2.0,58.0,14,OPERATIONAL,,False
ChIJL4_lNDbXDIgRLqBPGB1HM40,Maize Mexican Grill,http://www.maizemexicangrill.com/,Mexican restaurant,Campustown,60 E Green St,Champaign,61820,Illinois,40.1103895,-88.2389392,4.5,1209.0,55.0,28.0,68.0,191.0,867.0,205,OPERATIONAL,$,True
ChIJKUWAseTXDIgRuziJJr0CpAU,GOLDEN WHEAT(LAO BIAO 老表),https://pos.chowbus.com/online-ordering/store/11966,Chinese restaurant,Campustown,611 E Green St suite a,Champaign,61820,Illinois,40.1100759,-88.2298011,4.2,122.0,15.0,7.0,2.0,16.0,82.0,146,OPERATIONAL,$$,True
ChIJCcVlARPXDIgRM0FTjV_gWvw,Cao's Hot Pot,,Chinese restaurant,Campustown,608 S 6th St,Champaign,61820,Illinois,40.1108174,-88.2301846,4.4,83.0,8.0,3.0,1.0,4.0,67.0,289,OPERATIONAL,$$,True
ChIJn4CGKRbXDIgRIUest8WoVJ4,sushi man,https://www.sushimanchampaign.com/,Sushi takeaway,Campustown,308 E Green St,Champaign,61820,Illinois,40.1105109,-88.2342474,4.1,69.0,6.0,4.0,6.0,12.0,41.0,432,OPERATIONAL,,True
ChIJK2tBtjjXDIgRdb5P5XLSZ0Y,Potbelly,https://potbelly.com/locations/illinois/champaign,Sandwich shop,Campustown,501 E Green St,Champaign,61820,Illinois,40.1100814,-88.2318703,3.9,395.0,51.0,21.0,35.0,92.0,196.0,251,OPERATIONAL,$,True
ChIJ8ctt6EzXDIgRxIKhPClhecA,Sushi Kame,http://sushi-kame.com/,Japanese restaurant,Campustown,39 E Green St,Champaign,61820,Illinois,40.1097842,-88.2408891,4.3,307.0,17.0,7.0,15.0,83.0,185.0,271,OPERATIONAL,$$,False
ChIJ9RI-mEbXDIgRlPMKybhLG8s,Golden Wok,http://www.champaigngoldenwok.com/?utm_source=gmb,Thai restaurant,,405 E University Ave,Champaign,61820,Illinois,40.1160222,-88.2328366,4.3,264.0,13.0,9.0,26.0,64.0,152.0,138,OPERATIONAL,$,True
ChIJ2wrFLD_XDIgRO4NJ-R8ff3I,Fat Sandwich Company,https://fatsandwichchampaignil.com/,Sandwich shop,Campustown,502 E John St,Champaign,61820,Illinois,40.1091814,-88.2315103,4.2,282.0,28.0,10.0,19.0,43.0,182.0,182,OPERATIONAL,$,True
ChIJd58ZbkzXDIgR5k5W44BYcds,Cowboy Monkey,http://www.cowboy-monkey.com/,Restaurant,Downtown Champaign,6 Taylor St,Champaign,61820,Illinois,40.1174694,-88.2431556,4.2,329.0,22.0,8.0,35.0,90.0,174.0,171,OPERATIONAL,$$,True
ChIJdymahc7XDIgRRl8su4jgMmM,Shiquan Wonton,https://shiquaniltogo.com/,Chinese restaurant,Campustown,210 E Green St Ste 102,Champaign,61820,Illinois,40.1103584,-88.236057,4.0,64.0,12.0,0.0,2.0,10.0,40.0,250,OPERATIONAL,$$,True
ChIJLZylq8LXDIgR-jgWxNxzFFE,C-U La La Noodle,,Restaurant,Campustown,410 E Green St #13,Champaign,61820,Illinois,40.1104359,-88.2322605,3.9,97.0,18.0,3.0,1.0,19.0,56.0,271,OPERATIONAL,$$,True
ChIJQ0USHRXXDIgRput9KxerlY0,Dee-Dee's Beef,https://www.deedeesbeef.com/,Restaurant,Campustown,619 E Green St,Champaign,61820,Illinois,40.1100841,-88.2296051,5.0,34.0,0.0,0.0,0.0,0.0,34.0,15,OPERATIONAL,,True
ChIJq73JP9bRDIgRKZcCz8QFDJk,Captain D's,https://locations.captainds.com/ll/US/IL/Champaign/1409--N_-Prospect-Ave,Seafood restaurant,,1409 N Prospect Ave,Champaign,61820,Illinois,40.1303362,-88.2584966,4.3,456.0,25.0,11.0,36.0,108.0,276.0,198,OPERATIONAL,$,True
ChIJT3wO_8DXDIgRUwodTDjyKXc,Sooie Bros. Bar-B-Que Joint,,Restaurant,,103 W Kirby Ave,Champaign,61820,Illinois,40.0977343,-88.245719,4.0,63.0,10.0,2.0,5.0,5.0,41.0,49,OPERATIONAL,,True
ChIJ7erZaGzXDIgRPsoVNrQVi3Y,Champaign Music Kabob,,Restaurant,,715 S Neil St,Champaign,61820,Illinois,40.1076541,-88.2440144,,,,,,,,1,OPERATIONAL,,True
ChIJQ3A7RpLXDIgRVkS2wteLKEw,Taco Bell,https://locations.tacobell.com/il/champaign/512-e--green-street.html?utm_source=yext,Fast food restaurant,Campustown,512 E Green St,Champaign,61820,Illinois,40.1104081,-88.2313903,3.2,174.0,57.0,6.0,19.0,35.0,57.0,20,OPERATIONAL,$,True
ChIJHfEixDfXDIgR0SBsjbDpCJk,Papa Johns Pizza,https://locations.papajohns.com/united-states/il/61820/champaign/106-east-green-street?utm_source=gmb,Pizza restaurant,Campustown,106 E Green St,Champaign,61820,Illinois,40.1103575,-88.2380164,3.4,181.0,43.0,14.0,19.0,30.0,75.0,136,OPERATIONAL,$,True
ChIJv5lMaT_XDIgRsEtHigVjhEY,McDonald's,https://www.mcdonalds.com/us/en-us/location/IL/CHAMPAIGN/616-E-GREEN-ST/36750.html?cid=RF:YXT:GMB::Clicks,Fast food restaurant,Campustown,616 E Green St,Champaign,61820,Illinois,40.11043,-88.229836,3.4,841.0,150.0,57.0,166.0,207.0,261.0,192,OPERATIONAL,$,True
ChIJhWBDnj_XDIgR4eniQCU_JxM,Subway,https://restaurants.subway.com/united-states/il/champaign/616-east-green-street?utm_source=yxt-goog,Sandwich shop,Campustown,616 E Green St Suite A,Champaign,61820,Illinois,40.1104989,-88.2296565,4.0,179.0,20.0,5.0,19.0,53.0,82.0,207,OPERATIONAL,$,True
ChIJ22CE9UvXDIgRmk4vgbZ-Qfg,Esquire Lounge,http://www.esquirelounge.com/,Restaurant,Downtown Champaign,106 N Walnut St,Champaign,61820,Illinois,40.1166055,-88.2423526,4.4,1276.0,37.0,21.0,84.0,358.0,776.0,271,OPERATIONAL,$,True
ChIJ7YBSXz_XDIgRGNTN8inplOQ,Paris super crepes,http://parissupercrepes.com/,Dessert restaurant,Campustown,601 S 6th St #106,Champaign,61820,Illinois,40.1110133,-88.2305987,4.4,465.0,19.0,12.0,33.0,113.0,288.0,595,OPERATIONAL,$,True
ChIJ78U1dTbXDIgRuJ0ERCkVFII,Jimmy John's,https://locations.jimmyjohns.com/il/champaign/sandwiches-9003.html?utm_source=google%20my%20business,Sandwich shop,Campustown,43 E Green St,Champaign,61820,Illinois,40.109783,-88.240813,3.9,225.0,27.0,12.0,25.0,58.0,103.0,26,OPERATIONAL,$,True
ChIJZS8hKvnZDIgRVja1xHExgTU,McDonald's,https://www.mcdonalds.com/us/en-us/location/IL/CHAMPAIGN/1812-N-NEIL/5673.html?cid=RF:YXT:GMB::Clicks,Fast food restaurant,,1812 N Neil St,Champaign,61820,Illinois,40.1375696,-88.2430711,3.5,1303.0,209.0,99.0,264.0,289.0,442.0,217,OPERATIONAL,$,True
ChIJXV9mjk3XDIgRDIVbrstTQFg,Kohinoor Indian Restaurant and Lounge,http://www.kohinoorchampaign.com/,Restaurant,Downtown Champaign,6 E Columbia Ave,Champaign,61820,Illinois,40.1212553,-88.2427999,4.4,1340.0,94.0,34.0,81.0,226.0,905.0,441,OPERATIONAL,$$,True
ChIJs2KPd0zXDIgRz0rdMXgEr_Y,Pizzeria Antica,http://anticachampaign.com/,Pizza restaurant,Downtown Champaign,10 E Chester St,Champaign,61820,Illinois,40.1168491,-88.2430176,4.4,504.0,24.0,15.0,39.0,91.0,335.0,302,OPERATIONAL,$$,True
ChIJaVteXivXDIgRhoaYCPcgPC4,The Ribeye,https://www.theribeyerestaurant.org/,Restaurant,,1701 S Neil St,Champaign,61820,Illinois,40.0961589,-88.2454063,4.5,1335.0,36.0,38.0,87.0,206.0,968.0,265,OPERATIONAL,$$$,True
ChIJ8c7Y40vXDIgRotdSB70bTN8,Subway,https://restaurants.subway.com/united-states/il/champaign/45-east-university-ave?utm_source=yxt-goog,Sandwich shop,Downtown Champaign,45 E University Ave,Champaign,61820,Illinois,40.1158294,-88.2411124,3.0,43.0,13.0,4.0,6.0,10.0,10.0,230,OPERATIONAL,$,True
ChIJ-9lDyTfXDIgR5T7Epw42dnI,Domino's Pizza,https://www.dominos.com/en/?utm_source=google,Pizza delivery,Campustown,55 E Green St,Champaign,61820,Illinois,40.1100769,-88.2396023,3.2,308.0,112.0,17.0,19.0,32.0,128.0,54,OPERATIONAL,$,True
ChIJyX1CkzjXDIgRR1ZMZb1javk,Sakanaya,http://www.sakanayarestaurant.com/,Sushi restaurant,Campustown,403 E Green St,Champaign,61820,Illinois,40.1101686,-88.2330793,4.6,1075.0,31.0,15.0,39.0,172.0,818.0,1139,OPERATIONAL,$$,True
ChIJ5WiQ4vHXDIgRw60J2G5E3UA,Martinelli's Market - Bakery & Deli,http://martinellismarketchampaign.com/,Restaurant,Downtown Champaign,500C N Walnut St,Champaign,61820,Illinois,40.1202821,-88.2410802,4.3,118.0,7.0,5.0,9.0,18.0,79.0,271,OPERATIONAL,$$,True
ChIJM-BYEi_XDIgRP4M9Fhv9dAQ,GG HotPot 久香火锅,https://mwx.fantuan.ca/store/Restaurant/us-14583?f_promotion=56577,Restaurant,,505 S Neil St Ste 7,Champaign,61820,Illinois,40.1110535,-88.2441408,4.5,75.0,5.0,1.0,2.0,7.0,60.0,215,OPERATIONAL,$,True
ChIJsTQKkpvXDIgR93eLxzI1img,Peking Garden Restaurant,http://www.pekinggardenil.com/,Chinese restaurant,Downtown Champaign,206 N Randolph St,Champaign,61820,Illinois,40.1179742,-88.245036,4.3,103.0,13.0,3.0,3.0,10.0,74.0,188,OPERATIONAL,$$,True
ChIJ6bOXKC3XDIgRZLWh1ebVEpU,Great American Grill,,Restaurant,,1501 S Neil St,Champaign,61820,Illinois,40.0989,-88.246075,3.5,11.0,2.0,0.0,3.0,2.0,4.0,1,OPERATIONAL,,False
ChIJyatzUzTXDIgRFkXxwdEmtmc,Little Caesars Pizza,https://littlecaesars.com/en-us/store/10838,Pizza restaurant,,703 S Neil St SUITE A,Champaign,61820,Illinois,40.1084788,-88.2439257,3.6,433.0,80.0,34.0,63.0,75.0,181.0,35,OPERATIONAL,$,True
ChIJJf4c52TRDIgR-O8xeyTZQ3w,Moki Sushi,http://mokisushichampaign.com/,Sushi restaurant,,2017 S Neil St,Champaign,61820,Illinois,40.0917333,-88.2476428,3.5,539.0,118.0,44.0,45.0,91.0,241.0,564,OPERATIONAL,,True
ChIJAczTOz_XDIgRqWfwfdK_K2U,Kung Fu Tea,https://kungfutea.com/,Bubble tea store,Campustown,707 S 6th St Suite 107,Champaign,61820,Illinois,40.1096361,-88.2306444,4.5,428.0,17.0,8.0,22.0,89.0,292.0,603,OPERATIONAL,$,True
ChIJp2VVbT_XDIgR5Wxw1qbuiqc,Teamoji - Champaign,https://pos.chowbus.com/online-ordering/store/293,Bubble tea store,Campustown,625 E Green St,Champaign,61820,Illinois,40.1101291,-88.2293635,4.4,327.0,18.0,12.0,18.0,61.0,218.0,404,OPERATIONAL,$$,True
ChIJkUNL8TfXDIgRhQn49u2iZWY,Chopstix,,Chinese restaurant,Campustown,202 E Green St Unit 1,Champaign,61820,Illinois,40.1103386,-88.236804,3.4,275.0,64.0,21.0,28.0,53.0,109.0,349,OPERATIONAL,$,True
ChIJF9N0C7XXDIgR84bKydTtxOA,Jimmy John's,https://locations.jimmyjohns.com/il/champaign/sandwiches-9025.html?utm_source=google%20my%20business,Sandwich shop,Campustown,601 E Green St,Champaign,61820,Illinois,40.1101783,-88.2301855,3.1,25.0,10.0,1.0,2.0,1.0,11.0,15,OPERATIONAL,$,True
ChIJnTXDjTXXDIgRFJKEmxYxbrQ,Fat City Bar and Grill,,Bar & grill,,505 S Chestnut St,Champaign,61820,Illinois,40.1109621,-88.2426293,4.3,166.0,10.0,4.0,11.0,49.0,92.0,133,OPERATIONAL,$,False
ChIJuwfHnzXXDIgRrzUXIK0ix3g,Dunkin',https://locations.dunkindonuts.com/en/il/champaign/515-s.-neil-st/336486?utm_source=google,Coffee shop,,515 S Neil St,Champaign,61820,Illinois,40.1104721,-88.2439363,3.8,523.0,71.0,34.0,68.0,100.0,250.0,61,OPERATIONAL,$,True
ChIJG55faz_XDIgR1_yaJBM_HQI,Dunkin',https://locations.dunkindonuts.com/en/il/champaign/607-e-green-st/347329?utm_source=google,Coffee shop,Campustown,607 E Green St,Champaign,61820,Illinois,40.1101111,-88.2299792,3.9,209.0,29.0,8.0,23.0,38.0,111.0,56,OPERATIONAL,$,True
ChIJU4cysyrXDIgRwmeWZYi-VXA,Starbucks,https://www.starbucks.com/store-locator/store/1013006/,Coffee shop,,2011 S Neil St,Champaign,61820,Illinois,40.0916199,-88.2462514,4.2,645.0,38.0,22.0,64.0,157.0,364.0,101,OPERATIONAL,$$,True
ChIJgSc3JaLXDIgRsN3Lg9X25K0,Suzu's Bakery,http://suzusbakery.com/,Dessert shop,Downtown Champaign,114 N Walnut St,Champaign,61820,Illinois,40.1168498,-88.2421904,4.7,175.0,8.0,0.0,7.0,7.0,153.0,238,OPERATIONAL,$,True
ChIJO5iask7XDIgRzDJ1ows_AQc,Cafe Luna,,Restaurant,Downtown Champaign,116 N Chestnut St,Champaign,61820,Illinois,40.116715,-88.240606,4.0,3.0,0.0,0.0,1.0,1.0,1.0,1,CLOSED_TEMPORARILY,$$,False
ChIJVVUZUkrXDIgRRALd5Wn-Bzg,Chester's Bbq,,Barbecue restaurant,Downtown Champaign,302 S Neil St,Champaign,61820,Illinois,40.113791,-88.243132,,,,,,,,1,CLOSED_TEMPORARILY,,False
ChIJ41k3e-rXDIgRaRPRDdocbbI,Breaking Taco Truck,https://www.breakingtacotruck.com/#/,Restaurant,,505 E University Ave,Champaign,61820,Illinois,40.116016,-88.2310945,,,,,,,,2,CLOSED_TEMPORARILY,$,True
ChIJj75Ld2PXDIgReiuIymLWa50,Howdy,https://howdy.tamu.edu/,Fast food restaurant,Campustown,625 E Green St,Champaign,61820,Illinois,40.1101371,-88.2293585,4.1,121.0,11.0,7.0,10.0,19.0,74.0,19,CLOSED_TEMPORARILY,,False
ChIJqYNo0JTQDIgRZi9oPWykgfw,Bobo's Barbecue,,Barbecue restaurant,,1511 W Springfield Ave,Champaign,61821,Illinois,40.1125196,-88.2715711,4.3,548.0,46.0,8.0,34.0,94.0,366.0,108,OPERATIONAL,$$,False
ChIJfXySiRzXDIgRrgKxil6fWuM,Northern Cuisine,https://www.northerncuisineusa.com/,Chinese restaurant,Campustown,404 E Green St,Champaign,61820,Illinois,40.1104457,-88.2330726,4.7,62.0,2.0,2.0,0.0,4.0,54.0,318,OPERATIONAL,$$,True
ChIJ6dA3cbDRDIgRv-9Qu7vzM84,San Maru Korean Restaurant,https://sanmarucu.square.site/,Korean restaurant,,2504 Village Green Pl,Champaign,61822,Illinois,40.0819642,-88.2961397,4.6,295.0,8.0,7.0,13.0,48.0,219.0,400,OPERATIONAL,$$,True
ChIJcZM63A7aDIgRNALZmYWaZMQ,Red Lobster,https://www.redlobster.com/seafood-restaurants/locations/il/champaign/1901-n-prospect-ave,Seafood restaurant,,1901 N Prospect Ave,Champaign,61822,Illinois,40.138427,-88.258566,4.2,1774.0,102.0,76.0,164.0,458.0,974.0,524,OPERATIONAL,$$,True
ChIJw3YbibHbDIgROS8dvvXwofU,Chick-fil-A,https://www.chick-fil-a.com/locations/il/champaign-il?utm_source=yext,Fast food restaurant,,2301 N Prospect Ave,Champaign,61822,Illinois,40.1438671,-88.2583415,4.5,1824.0,84.0,31.0,92.0,296.0,1321.0,260,OPERATIONAL,$,True
ChIJU0Tj3IrQDIgRv8six_ax1yI,Wienerschnitzel,http://www.wienerschnitzel.com/,Fast food restaurant,,2102 W Springfield Ave,Champaign,61821,Illinois,40.113216,-88.2831658,4.3,1038.0,35.0,32.0,107.0,261.0,603.0,172,OPERATIONAL,$,True
ChIJQWWdNg7aDIgRW8wgVx_q0ao,LongHorn Steakhouse,https://www.longhornsteakhouse.com/locations/il/champaign/champaign/5404?cmpid=br:lh_ag:ie_ch:loc_ca:LHGMB_sn:gmb_gt:champaign-il-5404_pl:locurl_rd:1346,Steak house,,2101 N Prospect Ave,Champaign,61822,Illinois,40.141394,-88.258592,4.2,1908.0,110.0,83.0,170.0,418.0,1127.0,518,OPERATIONAL,$$,True
ChIJB8B_1A7aDIgRz7I8huXJBkc,Five Guys,https://restaurants.fiveguys.com/901-b-west-anthony-drive,Fast food restaurant,,901 B Anthony Dr,Champaign,61821,Illinois,40.1377298,-88.2586179,4.0,1131.0,93.0,55.0,141.0,279.0,563.0,173,OPERATIONAL,$$,True
ChIJVe1y_w7aDIgRA30fAboi4CY,Fazoli's,https://locations.fazolis.com/il/champaign/2029-n--prospect-avenue.html?utm_source=yext+GMB,Italian restaurant,,2029 N Prospect Ave,Champaign,61821,Illinois,40.139866,-88.2585168,3.8,614.0,86.0,40.0,68.0,144.0,276.0,277,OPERATIONAL,$,True
ChIJYTMGZfDQDIgR6hXa6yv4GTM,Ming Garden,,Chinese restaurant,,1804 Sangamon Dr,Champaign,61821,Illinois,40.1025752,-88.2773325,4.2,199.0,15.0,11.0,10.0,37.0,126.0,24,OPERATIONAL,$,False
ChIJK0fhjCLRDIgR9Ej_-96KMaQ,"Sun Singer Restaurant, Wine & Spirits",http://www.sunsingerwines.com/,Restaurant,,1115 W Windsor Rd,Champaign,61821,Illinois,40.083205,-88.264459,4.6,740.0,22.0,11.0,40.0,132.0,535.0,520,OPERATIONAL,$$,True
ChIJxUgO8I7QDIgRpIz7R9qY7TM,La Bamba Mexican Restaurant,http://www.labambaburritos.com/,Mexican restaurant,,1905 Glenn Park Dr,Champaign,61821,Illinois,40.1188911,-88.2782704,4.3,878.0,50.0,29.0,79.0,166.0,554.0,190,OPERATIONAL,$,True
ChIJc68urSzRDIgRJ192SVqWFoU,Culver’s,http://www.culvers.com/restaurants/champaign-neil?utm_source=Google,American restaurant,,2302 S Neil St,Champaign,61820,Illinois,40.0854558,-88.2461754,4.4,1459.0,38.0,25.0,109.0,375.0,912.0,182,OPERATIONAL,$,True
ChIJRYD9rqbQDIgR2Msi21QIaPk,Krispy Krunchy Chicken,,Chicken restaurant,,922 W Bradley Ave,Champaign,61821,Illinois,40.1275039,-88.2603756,4.6,295.0,11.0,2.0,13.0,49.0,220.0,30,OPERATIONAL,$,True
ChIJw9c5z5LQDIgRAmM2pAle6sg,Pia's Sports Bar & Grill,,Bar & grill,,1609 W Springfield Ave,Champaign,61821,Illinois,40.1125033,-88.2737592,4.1,313.0,12.0,8.0,51.0,93.0,149.0,88,OPERATIONAL,$,True
ChIJmx0m1Z3RDIgRXBDRGo4vOL8,Sushi Siam,http://sushisiam.net/,Sushi restaurant,,1729 W Kirby Ave,Champaign,61821,Illinois,40.0972435,-88.2749313,4.6,195.0,6.0,4.0,11.0,15.0,159.0,233,OPERATIONAL,,True
ChIJ02IjnI_QDIgR4lpIJkRbGC0,Sonic Drive-In,https://www.sonicdrivein.com/locations/us/il/champaign/601-north-mattis-avenue/store-4258/?utm_source=google%20my%20business,Fast food restaurant,,601 N Mattis Ave,Champaign,61821,Illinois,40.1213749,-88.2775165,4.0,1048.0,91.0,61.0,122.0,281.0,493.0,92,OPERATIONAL,$,True
ChIJKWW2Y47QDIgRlpLrCaF3q9U,Monical's Pizza,https://www.monicals.com/locations/monicals-pizza-of-champaign-n-mattis-ave,Pizza restaurant,,205 N Mattis Ave,Champaign,61821,Illinois,40.11815,-88.2775972,4.4,847.0,34.0,25.0,62.0,185.0,541.0,159,OPERATIONAL,$$,True
ChIJA7nJkwnaDIgRFPRxumWiXe4,Popeyes Louisiana Kitchen,https://www.popeyes.com/store-locator/store/restaurant_84824?utm_source=yext,Chicken restaurant,,910 W Bloomington Rd,Champaign,61821,Illinois,40.1335454,-88.2600871,2.9,1637.0,559.0,182.0,190.0,291.0,415.0,455,OPERATIONAL,$,True
ChIJQWKseBjXDIgRglSvCLRC9ZI,Szechuan Taste Champaign LLC,https://www.szechuantastetogo.com/,Chinese restaurant,Campustown,707 S 6th St #105,Champaign,61820,Illinois,40.1096343,-88.2305367,3.9,80.0,13.0,4.0,7.0,9.0,47.0,422,OPERATIONAL,$$,True
ChIJAbCJqpvRDIgRQUQWm8xZ6E0,Flying Monkey Cafe,http://curtisorchard.com/flyingmonkeycafe/,American restaurant,,3902 S Duncan Rd,Champaign,61822,Illinois,40.0638502,-88.2937096,4.3,33.0,1.0,3.0,2.0,6.0,21.0,145,OPERATIONAL,,True
ChIJ067wtg7aDIgREuSU2hpstE8,Culver’s,http://www.culvers.com/restaurants/champaign-marketview?utm_source=Google,American restaurant,,903 W Marketview Dr,Champaign,61822,Illinois,40.1378045,-88.2596923,4.4,1472.0,51.0,40.0,122.0,386.0,873.0,154,OPERATIONAL,$,True
ChIJoYZseiHRDIgRPciRQZEOMmA,Dave's Hot Chicken,http://www.daveshotchicken.com/,Chicken restaurant,,2009 S Neil St,Champaign,61820,Illinois,40.0916797,-88.2462324,4.7,395.0,11.0,8.0,12.0,12.0,352.0,111,OPERATIONAL,$$,True
ChIJ81VRhnXRDIgR_WC4f3ThlX4,Hickory River Smokehouse,https://www.hickoryriver.com/locations/illinois/champaign/overview.html,Barbecue restaurant,,3514 Fields S Dr,Champaign,61822,Illinois,40.0702166,-88.309044,4.4,131.0,6.0,5.0,8.0,25.0,87.0,99,OPERATIONAL,,True
ChIJNerTEGDQDIgRQfxsFUACwW8,El Toro Bravo,http://www.eltororestaurante.com/,Mexican restaurant,,2561 W Springfield Ave,Champaign,61821,Illinois,40.1123341,-88.2897911,4.2,953.0,67.0,32.0,89.0,224.0,541.0,249,OPERATIONAL,$$,True
ChIJF_HydqTRDIgRMKTCTs0WY2A,Tasty Wings & Sandwiches,,Chicken wings restaurant,,1702 W Bradley Ave,Champaign,61821,Illinois,40.1277618,-88.2749023,4.4,115.0,9.0,0.0,6.0,18.0,82.0,90,OPERATIONAL,$$,True
ChIJaSxnd7DRDIgR6EuQnIGvBGg,Jupiter's At The Crossing,https://www.jupitersatcrossing.com/,Pizza restaurant,,2511 Village Green Pl,Champaign,61822,Illinois,40.0817604,-88.2966995,4.1,1642.0,106.0,72.0,190.0,471.0,803.0,379,OPERATIONAL,$$,True
ChIJayGWJj_XDIgRTvFhL-ZEteE,Kung Fu BBQ,http://www.kungfuhotpot.us/,Hot pot restaurant,Campustown,510 E John St,Champaign,61820,Illinois,40.109363,-88.230861,3.3,200.0,67.0,7.0,13.0,27.0,86.0,308,OPERATIONAL,$$,True
ChIJb9PctI_QDIgR3pMdYBJWeL4,Pizza Hut,https://locations.pizzahut.com/il/champaign/409-n-mattis-ave?utm_medium=organic,Pizza delivery,,409 N Mattis Ave,Champaign,61821,Illinois,40.120206,-88.2772879,3.8,437.0,75.0,15.0,55.0,85.0,207.0,75,OPERATIONAL,$,True
ChIJc2f03hTRDIgRj7ZGgGO4M9o,China King,http://www.chinakingchampaignil.com/,Chinese restaurant,,2145 S Neil St,Champaign,61820,Illinois,40.0878271,-88.2481718,4.0,46.0,5.0,3.0,4.0,8.0,26.0,30,OPERATIONAL,$,True
ChIJ560kGPnZDIgRsM3VlsskqsI,Panera Bread,https://www.panerabread.com/en-us/cafe/locations/il/champaign/1903-convenience-place?utm_medium=local,Cafe,,1903 Convenience Pl,Champaign,61820,Illinois,40.138507,-88.243173,4.0,1024.0,100.0,52.0,105.0,279.0,488.0,399,OPERATIONAL,$$,True
ChIJJ_YPwjfXDIgRGc295rEtFFA,Garcia's Pizza In A Pan,https://garciaspizzainapanchampaign.com/6356,Pizza restaurant,,313 N Mattis Ave,Champaign,61821,Illinois,40.1193845,-88.2773008,4.0,385.0,42.0,31.0,38.0,62.0,212.0,97,OPERATIONAL,$,False
ChIJ5Y2Fls7XDIgRXVW179HKv60,Masala Indian House,https://masalaindianhouse.com/,Indian restaurant,,715 S Neil St,Champaign,61820,Illinois,40.1076541,-88.2440144,4.0,74.0,10.0,6.0,4.0,7.0,47.0,115,OPERATIONAL,$,True
ChIJfd90NPvQDIgRlMe2HRX5tmE,Panera Bread,https://www.panerabread.com/en-us/cafe/locations/il/champaign/1765-west-kirby-avenue?utm_medium=local,Cafe,,1765 W Kirby Ave,Champaign,61821,Illinois,40.097838,-88.275366,4.1,590.0,47.0,19.0,57.0,143.0,324.0,335,OPERATIONAL,$$,True
ChIJ2b7YljXXDIgRCelOtJv_RMo,Wingstop,https://www.wingstop.com/location/wingstop-653-champaign-il-61820/menu?y_source=1_NTUyMDY2MzUtNzE1LWxvY2F0aW9uLndlYnNpdGU%3D,Chicken wings restaurant,,512 S Neil St,Champaign,61820,Illinois,40.1106955,-88.2429856,3.8,550.0,89.0,38.0,39.0,94.0,290.0,63,OPERATIONAL,$$,True
ChIJM-t_1A7aDIgRBeEpWPCJ7ug,Chipotle Mexican Grill,https://locations.chipotle.com/il/champaign/903-w-anthony-dr?utm_source=google,Mexican restaurant,,903 Anthony Dr,Champaign,61821,Illinois,40.1374911,-88.2586408,3.5,1053.0,234.0,70.0,90.0,212.0,447.0,92,OPERATIONAL,$,True
ChIJ93CHweTQDIgRI6ThPLDXce8,Super Wok,http://www.gosuperwok.com/,Chinese restaurant,,1737 W Kirby Ave,Champaign,61821,Illinois,40.0973207,-88.2752702,4.0,106.0,14.0,4.0,9.0,22.0,57.0,5,OPERATIONAL,$$,True
ChIJQQo7ctrRDIgRyqlOW6ZFukA,Just Yolkin',http://justyolkin.com/,Breakfast restaurant,,2501 Village Green Pl,Champaign,61822,Illinois,40.0820846,-88.296669,3.9,95.0,10.0,7.0,15.0,12.0,51.0,48,OPERATIONAL,$$,False
ChIJi53_Jw_aDIgRdN7oIg6K5IE,Buffalo Wild Wings,https://www.buffalowildwings.com/locations/us/il/champaign/907-west-marketview-drive/sports-bar-318?utm_source=google%20my%20business,Chicken wings restaurant,,907 W Marketview Dr,Champaign,61822,Illinois,40.1377416,-88.2608328,3.9,1351.0,135.0,87.0,176.0,330.0,623.0,315,OPERATIONAL,$$,True
ChIJ359OkXLRDIgRHEWaGJqc2Iw,The Poke Shack,http://www.orderfromtheshack.com/,Poke bar,,3401 Fields S Dr Suite 121,Champaign,61822,Illinois,40.0717353,-88.3102035,4.8,59.0,1.0,1.0,1.0,5.0,51.0,315,OPERATIONAL,$$,True
ChIJa8URarzbDIgRdRyMlAcCOYg,Los Hidalguense Taco Truck,http://orderloshidalguensetacotruck.com/,Mexican restaurant,,1040 W Bloomington Rd,Champaign,61821,Illinois,40.1341329,-88.2619054,4.6,79.0,4.0,1.0,2.0,8.0,64.0,29,OPERATIONAL,$,True
ChIJlXMbrorQDIgRM43iCzjdwjA,KFC,https://locations.kfc.com/il/champaign/2201-west-springfield-avenue,Chicken restaurant,,2201 W Springfield Ave,Champaign,61821,Illinois,40.1125496,-88.2844124,3.1,481.0,112.0,62.0,91.0,86.0,130.0,29,OPERATIONAL,$,True
ChIJbT9gQ4nQDIgR4DfcWkh1XVk,Texas Roadhouse,https://www.texasroadhouse.com/locations/illinois/champaign?utm_source=listing,Steak house,,204 N Country Fair Dr,Champaign,61821,Illinois,40.1179244,-88.2810764,4.5,3649.0,151.0,84.0,182.0,650.0,2582.0,1114,OPERATIONAL,$$,True
ChIJs587tizRDIgRHc87rlEYlV0,Arby's,https://locations.arbys.com/il/champaign/2310-s-neil-st.html?utm_source=google%20my%20business,Fast food restaurant,,2310 S Neil St,Champaign,61820,Illinois,40.0846899,-88.2462779,4.0,590.0,35.0,32.0,89.0,166.0,268.0,29,OPERATIONAL,$,True
ChIJc8nXC9PQDIgR_eVWfH_bzWQ,Vinny's by the slice and More,http://vinnysbytheslice.com/,Pizza restaurant,Campustown,50 E Green St,Champaign,61820,Illinois,40.1105584,-88.2399936,4.2,220.0,17.0,8.0,20.0,43.0,132.0,146,OPERATIONAL,$,True
ChIJQaAvui3XDIgRk9KZg_sUh6U,Yatai Restaurant,https://www.yatai-restaurant.com/,Ramen restaurant,,507 E University Ave,Champaign,61820,Illinois,40.1160172,-88.2311706,4.6,61.0,1.0,3.0,4.0,5.0,48.0,244,OPERATIONAL,,True
ChIJn4BRQRvRDIgRHorst4z0Z8g,ISHI & Kaori’s Oven,,Japanese restaurant,,305 Cedar St,Champaign,61820,Illinois,40.0986926,-88.2470789,4.9,99.0,0.0,1.0,2.0,1.0,95.0,458,OPERATIONAL,,True
ChIJxahhbvDQDIgR85Lc74otOrY,Little Caesars Pizza,https://littlecaesars.com/en-us/store/8007,Pizza restaurant,,1211 S Mattis Ave,Champaign,61821,Illinois,40.1026056,-88.2770082,3.7,482.0,62.0,35.0,75.0,107.0,203.0,42,OPERATIONAL,$,True
ChIJf_14sYzQDIgRbkSa9pwA3_8,Arby's,https://locations.arbys.com/il/champaign/1913-w-springfield-ave.html?utm_source=google%20my%20business,Fast food restaurant,,1913 W Springfield Ave,Champaign,61820,Illinois,40.1124165,-88.2794643,3.9,403.0,36.0,31.0,54.0,113.0,169.0,24,OPERATIONAL,$,True
ChIJsyN5TyvXDIgRwm5HV_tiEpk,Taco Bell,https://locations.tacobell.com/il/champaign/1707-s--neil-street.html?utm_source=yext,Fast food restaurant,,1707 S Neil St,Champaign,61820,Illinois,40.0954404,-88.245572,3.6,648.0,102.0,46.0,97.0,159.0,244.0,181,OPERATIONAL,$,True
ChIJ5SBGU_DQDIgRX3ZDob3oeAc,Subway,https://restaurants.subway.com/united-states/il/champaign/1101-n-mattis-dr?utm_source=yxt-goog,Sandwich shop,,1101 N Mattis Ave,Champaign,61821,Illinois,40.1268507,-88.2775292,4.1,125.0,9.0,7.0,12.0,27.0,70.0,251,OPERATIONAL,$,True
ChIJ1_WtC1zRDIgR5I-93efj5Es,Niro's Gyros founded 1999,https://www.nirosgyrosil.com/,Restaurant,,2001 W Springfield Ave,Champaign,61821,Illinois,40.1125121,-88.2804412,4.0,24.0,4.0,2.0,0.0,2.0,16.0,14,OPERATIONAL,$,True
ChIJi-cbZnTaDIgRiB7-nFoRkl8,McDonald's,https://www.mcdonalds.com/us/en-us/location/IL/CHAMPAIGN/906-BLOOMINGTON-ROAD/35422.html?cid=RF:YXT:GMB::Clicks,Fast food restaurant,,906 W Bloomington Rd,Champaign,61821,Illinois,40.1335155,-88.2595691,3.2,1144.0,286.0,107.0,233.0,182.0,336.0,121,OPERATIONAL,$,True
ChIJm23JWobRDIgRDMXLPTj1pJ0,Goldy’s 2.0,http://goldysbarandgrill.com/,Bar & grill,,123 S Mattis Ave,Champaign,61821,Illinois,40.1158269,-88.278534,4.3,10.0,1.0,0.0,0.0,3.0,6.0,5,OPERATIONAL,,True
ChIJrWwgpI_QDIgRnTRLiGKf3w0,McDonald's,https://www.mcdonalds.com/us/en-us/location/IL/CHAMPAIGN/501-NORTH-MATTIS/2257.html?cid=RF:YXT:GMB::Clicks,Fast food restaurant,,501 N Mattis Ave,Champaign,61821,Illinois,40.120572,-88.277421,3.4,873.0,159.0,85.0,174.0,187.0,268.0,145,OPERATIONAL,$,True
ChIJ2ZwIPAXRDIgR5P5ZG2VHqpA,Pekara Bakery And Bistro,https://www.pekarabistro.com/,Restaurant,,811 W Springfield Ave,Champaign,61820,Illinois,40.1124232,-88.2573424,4.4,295.0,12.0,7.0,13.0,69.0,194.0,167,OPERATIONAL,$$,True
ChIJUVumwYrQDIgR0xmet7NKq_s,Papa Johns Pizza,https://locations.papajohns.com/united-states/il/61821/champaign/2104a-w-springfield-ave?utm_source=gmb,Pizza restaurant,,2104A W Springfield Ave Ste A,Champaign,61821,Illinois,40.1131894,-88.2837447,3.6,165.0,36.0,10.0,15.0,25.0,79.0,67,OPERATIONAL,$,True
ChIJba-oNovQDIgRrCtY42frZ4s,Burger King,https://burgerking.com/store-locator/store/restaurant_168,Restaurant,,2105 W Springfield Ave,Champaign,61821,Illinois,40.112516,-88.2814936,3.3,400.0,87.0,45.0,76.0,64.0,128.0,44,OPERATIONAL,$,True
ChIJVTCtL43QDIgRG9bzgsGOGqs,Jimmy John's,https://locations.jimmyjohns.com/il/champaign/sandwiches-9039.html?utm_source=google%20my%20business,Sandwich shop,,1801 W Springfield Ave,Champaign,61821,Illinois,40.1125,-88.2772222,4.2,174.0,14.0,5.0,14.0,33.0,108.0,22,OPERATIONAL,$,True
ChIJVaZxVYPQDIgRydNDN-znKU8,Domino's Pizza,https://www.dominos.com/en/?utm_source=google,Pizza delivery,,1301 N Prospect Ave,Champaign,61821,Illinois,40.1292796,-88.2583216,3.0,325.0,128.0,15.0,27.0,31.0,124.0,51,OPERATIONAL,$,True
ChIJJ69YEWrRDIgRhFPEpnxewuw,Niro's Gyros,https://www.nirosgyroskirby.com/,Gyro restaurant,,401 W Kirby Ave,Champaign,61820,Illinois,40.0978039,-88.2484679,4.4,140.0,9.0,7.0,3.0,17.0,104.0,39,OPERATIONAL,$$,True
ChIJ7YuBxuTQDIgRem0SiIHyfxg,Papa Murphy's | Take 'N' Bake Pizza,https://locations.papamurphys.com/il/champaign/1753-west-kirby-avenue?utm_source=organic,Pizza restaurant,,1753 W Kirby Ave,Champaign,61821,Illinois,40.0972539,-88.275864,4.3,96.0,5.0,4.0,8.0,20.0,59.0,95,OPERATIONAL,$,True
ChIJZ7MnRLDRDIgRFucc-LFQFU4,Subway,https://restaurants.subway.com/united-states/il/champaign/2409-village-green-place?utm_source=yxt-goog,Sandwich shop,,2409 Village Green Pl,Champaign,61822,Illinois,40.0835922,-88.2967546,4.3,92.0,6.0,3.0,11.0,7.0,65.0,222,OPERATIONAL,$,True
ChIJUe9O52vRDIgRPntoFiBXW0g,One-T's Cornerpocket,,Bar & grill,,123 S Mattis Ave,Champaign,61821,Illinois,40.1155264,-88.2784911,4.4,92.0,2.0,5.0,4.0,20.0,61.0,45,OPERATIONAL,,False
ChIJL-BXEfvQDIgR-L8F1v1RI8w,Domino's Pizza,https://www.dominos.com/en/?utm_source=google,Pizza delivery,,1803 W Kirby Ave,Champaign,61821,Illinois,40.0972265,-88.2768184,3.9,191.0,32.0,8.0,15.0,25.0,111.0,72,OPERATIONAL,$,True
ChIJg2R7uCzXDIgR08NevAOyW8A,McDonald's,https://www.mcdonalds.com/us/en-us/location/IL/CHAMPAIGN/1605-S-NEIL/1018.html?cid=RF:YXT:GMB::Clicks,Fast food restaurant,,1605 S Neil St,Champaign,61820,Illinois,40.0975207,-88.245239,3.3,1319.0,306.0,107.0,227.0,286.0,393.0,159,OPERATIONAL,$,True
ChIJg00_vz7RDIgRJyxKRihytHk,Picadeli,http://www.picadeli.us/,Salad shop,,109 N Mattis Ave,Champaign,61821,Illinois,40.1170124,-88.2788105,,,,,,,,4,OPERATIONAL,,True
ChIJuWNMoJXRDIgR55BDs4b5TSI,Guerrero Azteca Taco Truck,https://www.facebook.com/profile.php?id=100089346161766,Mexican restaurant,,2202 W John St,Champaign,61821,Illinois,40.1098015,-88.2831503,5.0,20.0,0.0,0.0,0.0,0.0,20.0,5,OPERATIONAL,$,False
ChIJRx9g3FHQDIgRntgYBQdJT50,McDonald's,https://www.mcdonalds.com/us/en-us/location/IL/CHAMPAIGN/2909-W-KIRBY-AVE/15879.html?cid=RF:YXT:GMB::Clicks,Fast food restaurant,,2909 W Kirby Ave,Champaign,61821,Illinois,40.0979179,-88.293893,3.2,750.0,184.0,77.0,135.0,143.0,211.0,164,OPERATIONAL,$,True
ChIJB0z_04zQDIgRID33HNPoZNU,Jet's Pizza,https://www.jetspizza.com/stores/illinois/champaign/1907-w-springfield-ave/?utm_source=GMB,Pizza restaurant,,1907 W Springfield Ave a,Champaign,61821,Illinois,40.112486,-88.278108,4.1,309.0,42.0,8.0,19.0,49.0,191.0,72,OPERATIONAL,$,True
ChIJ2U2Y3CnZDIgRzo5afKYlbjg,Betsy's Bistro,https://www.hendrickhouse.com/catering/,Caterer,,801 W Killarney St,Urbana,61801,Illinois,40.1324548,-88.2173273,3.7,3.0,1.0,0.0,0.0,0.0,2.0,11,OPERATIONAL,,True
ChIJsZovYjrXDIgRtzcmjvZISK0,Ikenberry Dining Center,https://housing.illinois.edu/dine/locations,Student housing center,,301 E Gregory Dr,Champaign,61820,Illinois,40.1037998,-88.235393,4.0,196.0,9.0,10.0,33.0,58.0,86.0,94,OPERATIONAL,,False
ChIJgVr1CfvQDIgRa-4_Hn-dmBw,Jimmy John's,https://locations.jimmyjohns.com/il/champaign/sandwiches-9015.html?utm_source=google%20my%20business,Sandwich shop,,1811 W Kirby Ave,Champaign,61821,Illinois,40.09747,-88.276986,4.1,263.0,27.0,10.0,24.0,51.0,151.0,14,OPERATIONAL,$,True
ChIJ785ibBrXDIgRYEF0EQbmYoU,Pennsylvania Avenue (PAR) Dining Hall,https://housing.illinois.edu/dine/locations,Cafeteria,,906 W College Ct,Urbana,61801,Illinois,40.0997997,-88.2206359,4.3,126.0,4.0,4.0,14.0,31.0,73.0,30,OPERATIONAL,,False
ChIJjTNVZ0XRDIgR-s58b46R2fw,Dunkin',https://locations.dunkindonuts.com/en/il/champaign/2006-w-springfield-ave/358271?utm_source=google,Coffee shop,,2006 W Springfield Ave,Champaign,61821,Illinois,40.1132615,-88.2819799,3.6,221.0,48.0,14.0,17.0,39.0,103.0,39,OPERATIONAL,$,True
ChIJY13PFiXRDIgROZBxSRkHU78,Outback Steakhouse,https://locations.outback.com/illinois/champaign/2402-north-prospect-avenue?utm_source=gmb,Steak house,,2402 N Prospect Ave,Champaign,61822,Illinois,40.1449468,-88.2572403,4.3,1751.0,81.0,80.0,150.0,399.0,1041.0,449,OPERATIONAL,$$,True
ChIJd-fDXkzXDIgR0P4LX3uTnk8,Ko Fusion,http://www.kofusion.com/,Asian fusion restaurant,Downtown Champaign,30 E Main St,Champaign,61820,Illinois,40.1176269,-88.2423533,4.3,1074.0,72.0,33.0,73.0,201.0,695.0,580,OPERATIONAL,$$$,True
ChIJJw__lE7XDIgRkas9FlWzcMM,Black Dog Smoke & Ale House,http://www.blackdogchampaign.com/,Barbecue restaurant,Downtown Champaign,320 N Chestnut St,Champaign,61820,Illinois,40.1179068,-88.2402378,4.6,3139.0,58.0,66.0,153.0,518.0,2344.0,1332,OPERATIONAL,$$,True
ChIJD5VSABHaDIgRO2H6CF1qgQ8,Oishi Hibachi Steakhouse,http://www.oishichampaign.com/,Asian restaurant,,2501 N Prospect Ave,Champaign,61822,Illinois,40.1451658,-88.2584547,4.2,1107.0,83.0,47.0,83.0,253.0,641.0,411,OPERATIONAL,$$,True
ChIJ90b5q6fQDIgRYOqwFsv57zA,Dos Reales Mexican Restaurant,,Mexican restaurant,,1407 N Prospect Ave,Champaign,61820,Illinois,40.1299003,-88.2583358,4.5,2257.0,60.0,44.0,148.0,440.0,1565.0,696,OPERATIONAL,$$,True
ChIJhShX-dzbDIgRT0n4hqTbSlo,Naf Naf Grill,https://www.nafnafgrill.com/,Middle Eastern restaurant,,2502 N Prospect Ave,Champaign,61822,Illinois,40.1457878,-88.2573866,4.2,221.0,20.0,10.0,12.0,35.0,144.0,116,OPERATIONAL,$,True
ChIJN6NSqwjaDIgR_R0VCwg9q_I,Chinatown Buffet,,Buffet restaurant,,713 W Marketview Dr,Champaign,61822,Illinois,40.1373335,-88.2560612,4.0,1712.0,134.0,96.0,236.0,456.0,790.0,425,OPERATIONAL,$,False
ChIJuSZBzBraDIgRvPtXR92PgdY,Denny's,https://locations.dennys.com/IL/CHAMPAIGN/248655?utm_source=yext,Diner,,702 W Town Center Blvd,Champaign,61822,Illinois,40.1432615,-88.2547939,3.7,1827.0,270.0,148.0,238.0,356.0,815.0,587,OPERATIONAL,$,True
ChIJUz9lJhfaDIgRS6T2PUpdrtM,Panda Express,https://www.pandaexpress.com/locations/il/champaign/1618,Chinese restaurant,,2521 N Prospect Ave,Champaign,61822,Illinois,40.1459819,-88.2585096,4.2,660.0,47.0,23.0,62.0,163.0,365.0,52,OPERATIONAL,$,True
ChIJy2E_ow_aDIgRHoY4dnu-egw,Steak 'n Shake,https://www.steaknshake.com/locations/il-champaign-n-prospect-avenue/,Hamburger restaurant,,2010 N Prospect Ave,Champaign,61822,Illinois,40.1404083,-88.2573353,3.9,1845.0,167.0,116.0,270.0,476.0,816.0,283,OPERATIONAL,$,True
ChIJG4pqms3bDIgRX_3iBqdZQ08,Las Palmas Mexican Grill,https://www.laspalmascu.com/,Mexican restaurant,,608 W Town Center Blvd,Champaign,61822,Illinois,40.1429955,-88.2519261,4.4,512.0,21.0,15.0,26.0,117.0,333.0,465,OPERATIONAL,,True
ChIJ05_2oXLXDIgRPevCqMHL2q8,Eighty-Three Vietnamese Cuisine,https://www.83viet.com/,Vietnamese restaurant,,2502 Village Green Pl,Champaign,61822,Illinois,40.0820343,-88.296002,4.9,127.0,1.0,1.0,1.0,7.0,117.0,111,OPERATIONAL,,True
ChIJM60MJa3bDIgRMrPAkYSGCZ0,Sushi Man,,Sushi restaurant,,2028 N Prospect Ave,Champaign,61822,Illinois,40.1410352,-88.2551491,4.5,152.0,12.0,3.0,6.0,11.0,120.0,319,OPERATIONAL,,True
ChIJRVJe21DbDIgReTUuz-L3_YY,Raising Cane's Chicken Fingers,https://locations.raisingcanes.com/il/champaign/2121-north-prospect-avenue,Fast food restaurant,,2121 N Prospect Ave,Champaign,61822,Illinois,40.1421807,-88.2583676,4.1,225.0,16.0,11.0,25.0,51.0,122.0,39,OPERATIONAL,$,True
ChIJ5YrvSAPaDIgRX4Mvl5-CJn8,Freddy's Frozen Custard & Steakburgers,https://www.freddys.com/?utm_source=google,Fast food restaurant,,420 W Town Center Blvd,Champaign,61822,Illinois,40.1423643,-88.2500804,4.1,1337.0,100.0,72.0,138.0,300.0,727.0,233,OPERATIONAL,$,True
ChIJLd8il0jXDIgRihZYvfWDJDE,La Bahía Grill,http://labahiagrill.com/,Restaurant,Downtown Champaign,132 W Church St,Champaign,61820,Illinois,40.1183903,-88.2447701,4.5,145.0,4.0,7.0,10.0,14.0,110.0,131,OPERATIONAL,$$,True
ChIJyx_mkzjXDIgRAiMn4XwhwPE,Jurassic Grill Champaign,https://jurassicgrillchampaign.com/,Restaurant,Campustown,404 E Green St #5866,Champaign,61820,Illinois,40.1103777,-88.2331089,4.2,360.0,28.0,14.0,30.0,73.0,215.0,101,OPERATIONAL,$,True
ChIJS9X0NPLbDIgR9ClAy7Xr3X0,Fernando’s Tacos & More,,Mexican restaurant,,519 W Town Center Blvd,Champaign,61822,Illinois,40.1413482,-88.2520313,4.8,96.0,1.0,0.0,1.0,10.0,84.0,54,OPERATIONAL,,False
ChIJgwQeS_7RDIgRZ2qtU9zW81Y,Casa Margaritas Mexican Grill,https://www.casamargaritascu.com/,Mexican restaurant,,2506 Village Place,Champaign,61822,Illinois,40.0818623,-88.2961206,4.8,12.0,0.0,1.0,0.0,0.0,11.0,53,OPERATIONAL,,True
ChIJrzRYW53XDIgRbNHdd43WIwM,Tenkyu,http://tenkyu.cafe/,Asian restaurant,Downtown Champaign,301 N Neil St Ste 104,Champaign,61820,Illinois,40.1184039,-88.2438523,4.4,76.0,6.0,6.0,0.0,7.0,57.0,343,OPERATIONAL,$$,True
ChIJrSMwH0zXDIgRhQFezOWfDFQ,Jupiter's Pizzeria & Billiards,http://www.jupiterspizza.com/,Pizza restaurant,Downtown Champaign,39 E Main St,Champaign,61820,Illinois,40.1178803,-88.2414613,4.3,702.0,34.0,16.0,58.0,188.0,406.0,164,OPERATIONAL,$$,True
ChIJWT6vUw7aDIgRF3hMoEVwv5s,Wendy's,https://locations.wendys.com/united-states/il/champaign/2033-n-prospect-ave%3Futm_source%3DYext%26utm_medium%3DGoogle_My_Business%26utm_campaign%3DLocal_Search%26utm_content%3DEN_US,Fast food restaurant,,2033 N Prospect Ave,Champaign,61822,Illinois,40.1403048,-88.258406,3.5,832.0,156.0,68.0,138.0,180.0,290.0,575,OPERATIONAL,$,True
ChIJp6zO3g_aDIgRCdfS5HYn2MU,Burger King,https://burgerking.com/store-locator/store/restaurant_9391,Restaurant,,2110 N Prospect Ave,Champaign,61822,Illinois,40.1421133,-88.2572079,3.3,712.0,155.0,66.0,114.0,163.0,214.0,68,OPERATIONAL,$,True
ChIJF2T7AmbZDIgRe5e_RtPn8V8,Smith Burger Company,http://www.smithburgerco.com/,Hamburger restaurant,Downtown Champaign,340 N Neil St,Champaign,61820,Illinois,40.1192337,-88.2428097,4.9,102.0,1.0,0.0,0.0,2.0,99.0,37,OPERATIONAL,,True
ChIJCwLOOkfXDIgRBjmljWG-0Rs,La Paloma Food Truck,,Restaurant,,2000 N Market St,Champaign,61822,Illinois,40.1377862,-88.238569,4.9,19.0,0.0,0.0,0.0,1.0,18.0,36,OPERATIONAL,,True
ChIJGyfA-iPbDIgRVa6sDJBUArY,It's Just Wings,https://locations.itsjustwings.com/il/champaign/champaign-its-just-wings%3Futm_source%3Dgoogle%26utm_medium%3Dlocal%26utm_campaign%3DIJW,Chicken wings restaurant,,1905 N Prospect Ave,Champaign,61822,Illinois,40.139042,-88.2586,2.9,40.0,13.0,6.0,4.0,8.0,9.0,38,OPERATIONAL,$$,True
ChIJ9arEABraDIgRZHit5e3lRLA,Subway,https://restaurants.subway.com/united-states/il/champaign/2610-no-prospect-ave%3Futm_source%3Dyxt-goog%26utm_medium%3Dlocal%26utm_term%3Dacq%26utm_content%3D37796%26utm_campaign%3Devergreen-2020%26y_source%3D1_MTQ4OTg1MTUtNzE1LWxvY2F0aW9uLndlYnNpdGU%253D,Sandwich shop,,2610 N Prospect Ave,Champaign,61822,Illinois,40.1474499,-88.2554982,2.7,15.0,7.0,2.0,0.0,1.0,5.0,225,OPERATIONAL,$,True
ChIJX5pCsAbaDIgRmT1UEdAqPes,The Bistro - Eat. Drink. Connect.®,https://www.marriott.com/hotels/hotel-information/restaurant/cmpcy-courtyard-champaign/?scid=f2ae0541-1279-4f24-b197-a979c79310b0,Bistro,,1811 Moreland Blvd,Champaign,61822,Illinois,40.136371,-88.2514605,4.0,3.0,0.0,1.0,0.0,0.0,2.0,3,OPERATIONAL,,True
ChIJ8eRMazbXDIgRsIP65ykJwcU,Auntie Lee's Chinese Kitchen,https://auntieleestogo.com/,Chinese restaurant,Campustown,49b E Green St,Champaign,61820,Illinois,40.1097834,-88.2404886,3.2,77.0,28.0,4.0,3.0,5.0,37.0,130,OPERATIONAL,$,True
ChIJhSpxYmXXDIgRSo-9tse5Fck,The Literary,http://www.literarybookbar.com/,Brunch restaurant,Downtown Champaign,122 N Neil St,Champaign,61820,Illinois,40.1172934,-88.2433818,4.7,238.0,4.0,3.0,13.0,27.0,191.0,232,OPERATIONAL,$$,True
ChIJJ93NORfaDIgR8xk4Bkesfdg,Starbucks,https://www.starbucks.com/store-locator/store/7190/,Coffee shop,,2702 N Prospect Ave,Champaign,61822,Illinois,40.148159,-88.257291,4.3,837.0,46.0,29.0,61.0,170.0,531.0,118,OPERATIONAL,$$,True
ChIJj-DNyAjaDIgR3oK2e_dscxA,Einstein Bros. Bagels,https://locations.einsteinbros.com/us/il/champaign/803-w-anthony-dr?y_source=1_OTA1MDEwOC03MTUtbG9jYXRpb24ud2Vic2l0ZQ%3D%3D,Bagel shop,,803 Anthony Dr,Champaign,61822,Illinois,40.1368005,-88.2573527,4.4,249.0,13.0,6.0,17.0,56.0,157.0,70,CLOSED_TEMPORARILY,$,True
