name,type,phone,area,street,city,zip_code,state,rating,reviews,photos_count,working_hours,business_status,price_range,verified
A Taste of Both Worlds,Restaurant,+1 217-215-0880,None,401 N Broadway Ave,Urbana,61801,Illinois,4.8,112,131,"{""Monday"": ""11 AM-8 PM"", ""Tuesday"": ""11 AM-8 PM"", ""Wednesday"": ""11 AM-8 PM"", ""Thursday"": ""11 AM-8 PM"", ""Friday"": ""11 AM-8 PM"", ""Saturday"": ""11 AM-8 PM"", ""Sunday"": ""Closed""}",OPERATIONAL,$$,TRUE
Ambar India Restaurant,Indian restaurant,+1 217-344-1500,Campustown,605 S Wright St,Champaign,61820,Illinois,3.7,464,323,"{""Monday"": ""4:30-9:45 PM"", ""Tuesday"": ""11 AM-3 PM,4:30-9:45 PM"", ""Wednesday"": ""11 AM-3 PM,4:30-9:45 PM"", ""Thursday"": ""11 AM-3 PM,4:30-9:45 PM"", ""Friday"": ""11 AM-3 PM,4:30-9:45 PM"", ""Saturday"": ""11 AM-3 PM,4:30-9:45 PM"", ""Sunday"": ""11 AM-3 PM,4:30-9:45 PM""}",OPERATIONAL,$$,TRUE
Arby's,Fast food restaurant,+1 217-367-5624,None,509 N Cunningham Ave,Urbana,61801,Illinois,4,575,44,"{""Monday"": ""10 AM-9 PM"", ""Tuesday"": ""10 AM-9 PM"", ""Wednesday"": ""10 AM-9 PM"", ""Thursday"": ""10 AM-9 PM"", ""Friday"": ""10 AM-9 PM"", ""Saturday"": ""10 AM-9 PM"", ""Sunday"": ""10 AM-9 PM""}",OPERATIONAL,$,TRUE
Arby's,Fast food restaurant,+1 217-398-5677,None,2310 S Neil St,Champaign,61820,Illinois,4,558,28,"{""Monday"": ""10 AM-10 PM"", ""Tuesday"": ""10 AM-10 PM"", ""Wednesday"": ""10 AM-10 PM"", ""Thursday"": ""10 AM-10 PM"", ""Friday"": ""10 AM-10 PM"", ""Saturday"": ""10 AM-10 PM"", ""Sunday"": ""10 AM-10 PM""}",OPERATIONAL,$,TRUE
Aspen Tap House,Restaurant,+1 217-530-4394,None,2001 S Neil St,Champaign,61820,Illinois,4.3,1440,688,"{""Monday"": ""11 AM-10 PM"", ""Tuesday"": ""11 AM-10 PM"", ""Wednesday"": ""11 AM-10 PM"", ""Thursday"": ""11 AM-10 PM"", ""Friday"": ""11 AM-11 PM"", ""Saturday"": ""11 AM-11 PM"", ""Sunday"": ""11 AM-9 PM""}",OPERATIONAL,$$,TRUE
Auntie Lee's Chinese Kitchen,Chinese restaurant,+1 217-693-7928,Campustown,49b E Green St,Champaign,61820,Illinois,3,66,280,"{""Monday"": ""5 PM-1 AM"", ""Tuesday"": ""Closed"", ""Wednesday"": ""5 PM-1 AM"", ""Thursday"": ""5 PM-3 AM"", ""Friday"": ""5 PM-3 AM"", ""Saturday"": ""5 PM-3 AM"", ""Sunday"": ""5 PM-1 AM""}",OPERATIONAL,$$,TRUE
Bab Plus Restaurant,Korean restaurant,+1 217-607-5906,None,700 S Gregory St,Urbana,61801,Illinois,4.1,199,89,"{""Monday"": ""11 AM-8:30 PM"", ""Tuesday"": ""11 AM-8:30 PM"", ""Wednesday"": ""11 AM-8:30 PM"", ""Thursday"": ""11 AM-8:30 PM"", ""Friday"": ""11 AM-8:30 PM"", ""Saturday"": ""11 AM-8:30 PM"", ""Sunday"": ""Closed""}",OPERATIONAL,$$,TRUE
Bangkok Thai Restaurant & Pho 911,Thai restaurant,+1 217-954-1641,Campustown,410 E Green St,Champaign,61820,Illinois,4.5,686,338,"{""Monday"": ""11 AM-8 PM"", ""Tuesday"": ""11 AM-8 PM"", ""Wednesday"": ""11 AM-8 PM"", ""Thursday"": ""11 AM-8 PM"", ""Friday"": ""11 AM-8 PM"", ""Saturday"": ""Closed"", ""Sunday"": ""Closed""}",OPERATIONAL,$,TRUE
Basil Thai At Urbana,Thai restaurant,+1 217-344-8662,None,701 S Gregory St # B,Urbana,61801,Illinois,4,273,212,"{""Monday"": ""11 AM-8:30 PM"", ""Tuesday"": ""11 AM-8:30 PM"", ""Wednesday"": ""11 AM-8:30 PM"", ""Thursday"": ""11 AM-8:30 PM"", ""Friday"": ""11 AM-8:30 PM"", ""Saturday"": ""11 AM-8:30 PM"", ""Sunday"": ""11 AM-8:30 PM""}",OPERATIONAL,$$,TRUE
Basil Thai Kitchen,Thai restaurant,,None,"Market Place Shopping Center 2000 n 61820, 2000 N Neil St",Champaign,61820,Illinois,4.3,38,22,"{""Monday"": ""10 AM-9 PM"", ""Tuesday"": ""10 AM-9 PM"", ""Wednesday"": ""10 AM-9 PM"", ""Thursday"": ""10 AM-9 PM"", ""Friday"": ""10 AM-9 PM"", ""Saturday"": ""10 AM-9 PM"", ""Sunday"": ""10 AM-6 PM""}",OPERATIONAL,,TRUE
Baxters American Grille,American restaurant,+1 217-239-9299,None,100 Trade Ctr Dr,Champaign,61820,Illinois,4.4,734,401,"{""Monday"": ""Closed"", ""Tuesday"": ""11 AM-9 PM"", ""Wednesday"": ""11 AM-9 PM"", ""Thursday"": ""11 AM-9 PM"", ""Friday"": ""11 AM-10 PM"", ""Saturday"": ""3-10 PM"", ""Sunday"": ""3-8 PM""}",OPERATIONAL,$$,TRUE
bb.q Chicken Urbana Champaign,Chicken restaurant,+1 217-607-2782,None,700 S Gregory St,Urbana,61801,Illinois,3.7,121,69,"{""Monday"": ""Closed"", ""Tuesday"": ""11 AM-9 PM"", ""Wednesday"": ""11 AM-9 PM"", ""Thursday"": ""11 AM-9 PM"", ""Friday"": ""11 AM-9:30 PM"", ""Saturday"": ""11:30 AM-9:30 PM"", ""Sunday"": ""11:30 AM-9 PM""}",OPERATIONAL,$,TRUE
Bevier Cafe,Restaurant,+1 217-333-8469,None,905 S Goodwin Ave #298,Urbana,61801,Illinois,4.5,34,12,"{""Monday"": ""9 AM-3 PM"", ""Tuesday"": ""9 AM-3 PM"", ""Wednesday"": ""9 AM-3 PM"", ""Thursday"": ""9 AM-3 PM"", ""Friday"": ""9 AM-3 PM"", ""Saturday"": ""Closed"", ""Sunday"": ""Closed""}",OPERATIONAL,,FALSE
Big Grove Tavern,American restaurant,+1 217-239-3505,Downtown Champaign,1 E Main St,Champaign,61820,Illinois,4.2,950,534,"{""Monday"": ""11 AM-9 PM"", ""Tuesday"": ""11 AM-9 PM"", ""Wednesday"": ""11 AM-10 PM"", ""Thursday"": ""11 AM-10 PM"", ""Friday"": ""11 AM-10:30 PM"", ""Saturday"": ""10 AM-10:30 PM"", ""Sunday"": ""10 AM-8:30 PM""}",OPERATIONAL,$$,TRUE
Big J J Fish & Chicken,American restaurant,+1 217-351-4005,None,1114 N Market St,Champaign,61820,Illinois,4.3,613,110,"{""Monday"": ""10:30 AM-10 PM"", ""Tuesday"": ""10:30 AM-10 PM"", ""Wednesday"": ""10:30 AM-10 PM"", ""Thursday"": ""10:30 AM-10 PM"", ""Friday"": ""10:30 AM-11 PM"", ""Saturday"": ""10:30 AM-11 PM"", ""Sunday"": ""10:30 AM-10 PM""}",OPERATIONAL,$,TRUE
Billy Barooz Pub & Grill,Restaurant,+1 217-355-8030,None,2521 Village Green Pl,Champaign,61822,Illinois,4.5,1175,297,"{""Monday"": ""11 AM-9 PM"", ""Tuesday"": ""11 AM-9 PM"", ""Wednesday"": ""11 AM-9 PM"", ""Thursday"": ""11 AM-9 PM"", ""Friday"": ""11 AM-9 PM"", ""Saturday"": ""11 AM-10 PM"", ""Sunday"": ""11 AM-10 PM""}",OPERATIONAL,$$,FALSE
Black Dog Smoke & Ale House,Barbecue restaurant,+1 217-954-0465,Downtown Champaign,320 N Chestnut St,Champaign,61820,Illinois,4.6,2994,1331,"{""Monday"": ""Closed"", ""Tuesday"": ""11 AM-9 PM"", ""Wednesday"": ""11 AM-9 PM"", ""Thursday"": ""11 AM-9 PM"", ""Friday"": ""11 AM-9 PM"", ""Saturday"": ""11 AM-9 PM"", ""Sunday"": ""11 AM-9 PM""}",OPERATIONAL,$$,TRUE
Black Dog Smoke & Ale House,Barbecue restaurant,+1 217-954-0465,None,201 N Broadway Ave,Urbana,61801,Illinois,4.7,1172,411,"{""Monday"": ""11 AM-9 PM"", ""Tuesday"": ""11 AM-9 PM"", ""Wednesday"": ""11 AM-9 PM"", ""Thursday"": ""11 AM-9 PM"", ""Friday"": ""11 AM-9 PM"", ""Saturday"": ""11 AM-9 PM"", ""Sunday"": ""11 AM-9 PM""}",CLOSED_TEMPORARILY,$$,TRUE
Bob Evans,Family restaurant,+1 217-356-1006,None,1813 N Neil St,Champaign,61820,Illinois,3.9,1199,505,"{""Monday"": ""7 AM-8 PM"", ""Tuesday"": ""7 AM-8 PM"", ""Wednesday"": ""7 AM-8 PM"", ""Thursday"": ""7 AM-8 PM"", ""Friday"": ""7 AM-8 PM"", ""Saturday"": ""7 AM-8 PM"", ""Sunday"": ""7 AM-8 PM""}",OPERATIONAL,$$,TRUE
Boomerangs Bar & Grill,Bar & grill,+1 217-239-7264,None,1309 E Washington St,Urbana,61802,Illinois,4.3,391,149,"{""Monday"": ""11 AM-10 PM"", ""Tuesday"": ""11 AM-10 PM"", ""Wednesday"": ""11 AM-10 PM"", ""Thursday"": ""11 AM-10 PM"", ""Friday"": ""11 AM-10 PM"", ""Saturday"": ""11 AM-10 PM"", ""Sunday"": ""12-6 PM""}",OPERATIONAL,$,TRUE
Broadway Food Hall,Restaurant,+1 217-374-4105,None,401 N Broadway Ave,Urbana,61801,Illinois,4.6,339,249,"{""Monday"": ""11 AM-8 PM"", ""Tuesday"": ""11 AM-8 PM"", ""Wednesday"": ""11 AM-8 PM"", ""Thursday"": ""11 AM-8 PM"", ""Friday"": ""11 AM-8 PM"", ""Saturday"": ""11 AM-8 PM"", ""Sunday"": ""Closed""}",OPERATIONAL,,TRUE
Bunny's Tavern,Restaurant,+1 217-240-7255,None,119 W Water St,Urbana,61801,Illinois,4.6,910,231,"{""Monday"": ""7 AM-12 AM"", ""Tuesday"": ""7 AM-12 AM"", ""Wednesday"": ""7 AM-12 AM"", ""Thursday"": ""7 AM-12 AM"", ""Friday"": ""7 AM-1 AM"", ""Saturday"": ""7 AM-1 AM"", ""Sunday"": ""7 AM-12 AM""}",OPERATIONAL,$,TRUE
Burger King,Restaurant,+1 217-607-1351,None,1106 W University Ave,Urbana,61801,Illinois,3.4,630,70,"{""Monday"": ""6 AM-11 PM"", ""Tuesday"": ""6 AM-11 PM"", ""Wednesday"": ""6 AM-11 PM"", ""Thursday"": ""6 AM-11 PM"", ""Friday"": ""6 AM-12 AM"", ""Saturday"": ""6 AM-12 AM"", ""Sunday"": ""6 AM-11 PM""}",OPERATIONAL,$,TRUE
Burrito King Mexican Grill,Mexican restaurant,+1 217-607-0073,Campustown,408 E Green St,Champaign,61820,Illinois,4,491,121,"{""Monday"": ""11 AM-3 AM"", ""Tuesday"": ""11 AM-3 AM"", ""Wednesday"": ""11 AM-3 AM"", ""Thursday"": ""11 AM-3 AM"", ""Friday"": ""11 AM-3 AM"", ""Saturday"": ""11 AM-3 AM"", ""Sunday"": ""Closed""}",OPERATIONAL,$,TRUE
Cactus Grill,Tex-Mex restaurant,+1 217-351-8226,None,1405 S Neil St,Champaign,61820,Illinois,4.5,266,27,"{""Monday"": ""11 AM-8 PM"", ""Tuesday"": ""11 AM-8 PM"", ""Wednesday"": ""11 AM-8 PM"", ""Thursday"": ""11 AM-8 PM"", ""Friday"": ""11 AM-8 PM"", ""Saturday"": ""Closed"", ""Sunday"": ""Closed""}",OPERATIONAL,$,TRUE
CANCUN TAQUERIA Champaign,Mexican restaurant,+1 217-620-5154,None,2000 N Neil St space #704,Champaign,61820,Illinois,4.7,38,35,"{""Monday"": ""11 AM-7 PM"", ""Tuesday"": ""11 AM-7 PM"", ""Wednesday"": ""11 AM-7 PM"", ""Thursday"": ""11 AM-7 PM"", ""Friday"": ""11 AM-8 PM"", ""Saturday"": ""11 AM-8 PM"", ""Sunday"": ""11 AM-6 PM""}",OPERATIONAL,,TRUE
Cao's Hot Pot,Chinese restaurant,+1 217-607-2335,Campustown,608 S 6th St,Champaign,61820,Illinois,4.3,59,404,"{""Monday"": ""11:30 AM-10:30 PM"", ""Tuesday"": ""11:30 AM-10:30 PM"", ""Wednesday"": ""11:30 AM-10:30 PM"", ""Thursday"": ""11:30 AM-10:30 PM"", ""Friday"": ""11:30 AM-11 PM"", ""Saturday"": ""11:30 AM-11 PM"", ""Sunday"": ""11:30 AM-11 PM""}",OPERATIONAL,$$,TRUE
Captain D's,Seafood restaurant,+1 217-954-0015,None,1409 N Prospect Ave,Champaign,61820,Illinois,4.3,399,50,"{""Monday"": ""10:15 AM-9 PM"", ""Tuesday"": ""10:30 AM-9 PM"", ""Wednesday"": ""10:30 AM-9 PM"", ""Thursday"": ""10:30 AM-9 PM"", ""Friday"": ""10:30 AM-10 PM"", ""Saturday"": ""10:30 AM-9 PM"", ""Sunday"": ""10:30 AM-9 PM""}",OPERATIONAL,$,TRUE
Casa Del Mar,Mexican restaurant,+1 217-552-1525,None,2870 S Philo Rd,Urbana,61802,Illinois,4.5,633,257,"{""Monday"": ""10:30 AM-9:30 PM"", ""Tuesday"": ""10:30 AM-9:30 PM"", ""Wednesday"": ""10:30 AM-9:30 PM"", ""Thursday"": ""10:30 AM-9:30 PM"", ""Friday"": ""10:30 AM-10 PM"", ""Saturday"": ""10:30 AM-10 PM"", ""Sunday"": ""10:30 AM-9:30 PM""}",OPERATIONAL,$$,FALSE
Chick-fil-A,Fast food restaurant,+1 217-351-3094,None,2301 N Prospect Ave,Champaign,61822,Illinois,4.5,1670,260,"{""Monday"": ""6:30 AM-9 PM"", ""Tuesday"": ""6:30 AM-9 PM"", ""Wednesday"": ""6:30 AM-9 PM"", ""Thursday"": ""6:30 AM-9 PM"", ""Friday"": ""6:30 AM-9 PM"", ""Saturday"": ""6:30 AM-9 PM"", ""Sunday"": ""Closed""}",OPERATIONAL,$,TRUE
China King,Chinese restaurant,+1 217-351-8885,None,2145 S Neil St,Champaign,61820,Illinois,3.9,36,3,"{""Monday"": ""Closed"", ""Tuesday"": ""11 AM-8:30 PM"", ""Wednesday"": ""11 AM-8:30 PM"", ""Thursday"": ""11 AM-8:30 PM"", ""Friday"": ""11 AM-9 PM"", ""Saturday"": ""11 AM-9 PM"", ""Sunday"": ""11:30 AM-8:30 PM""}",OPERATIONAL,$,TRUE
Chipotle Mexican Grill,Mexican restaurant,+1 217-344-0466,Campustown,528 E Green St Ste 101,Champaign,61820,Illinois,3.7,687,72,"{""Monday"": ""10:30 AM-11 PM"", ""Tuesday"": ""10:30 AM-11 PM"", ""Wednesday"": ""10:30 AM-11 PM"", ""Thursday"": ""10:30 AM-11 PM"", ""Friday"": ""10:30 AM-11 PM"", ""Saturday"": ""10:30 AM-11 PM"", ""Sunday"": ""10:30 AM-11 PM""}",OPERATIONAL,$,TRUE
Chopstix,Chinese restaurant,+1 217-359-2222,Campustown,202 E Green St Unit 1,Champaign,61820,Illinois,3.5,259,637,"{""Monday"": ""4 PM-3 AM"", ""Tuesday"": ""4 PM-3 AM"", ""Wednesday"": ""4 PM-3 AM"", ""Thursday"": ""4 PM-3 AM"", ""Friday"": ""4 PM-3 AM"", ""Saturday"": ""4 PM-3 AM"", ""Sunday"": ""4 PM-3 AM""}",OPERATIONAL,$,TRUE
Conrad's Grill - Champaign,Restaurant,+1 217-607-1375,Campustown,301 E Green St,Champaign,61820,Illinois,4,35,16,"{""Monday"": ""11 AM-1 AM"", ""Tuesday"": ""11 AM-1 AM"", ""Wednesday"": ""11 AM-1 AM"", ""Thursday"": ""11 AM-3 AM"", ""Friday"": ""11 AM-3 AM"", ""Saturday"": ""11 AM-3 AM"", ""Sunday"": ""11 AM-1 AM""}",OPERATIONAL,,TRUE
Cowboy Monkey,Restaurant,+1 217-398-2688,Downtown Champaign,6 Taylor St,Champaign,61820,Illinois,4.2,322,170,"{""Monday"": ""Closed"", ""Tuesday"": ""4-10:30 PM"", ""Wednesday"": ""4-10:30 PM"", ""Thursday"": ""4-10:30 PM"", ""Friday"": ""4-10:30 PM"", ""Saturday"": ""9:30 AM-2 PM,4-10:30 PM"", ""Sunday"": ""9:30 AM-2 PM""}",OPERATIONAL,$$,TRUE
Cracked the Egg Came First,Breakfast restaurant,+1 217-954-0361,Campustown,619 E Green St,Champaign,61820,Illinois,4.3,224,66,"{""Monday"": ""8 AM-3 PM"", ""Tuesday"": ""8 AM-3 PM"", ""Wednesday"": ""8 AM-3 PM"", ""Thursday"": ""8 AM-3 PM"", ""Friday"": ""8 AM-3 PM"", ""Saturday"": ""8 AM-3 PM"", ""Sunday"": ""8 AM-3 PM""}",OPERATIONAL,$$,TRUE
Cracker Barrel Old Country Store,American restaurant,+1 217-344-9087,None,2101 N Kenyon Rd,Urbana,61802,Illinois,4.4,2756,625,"{""Monday"": ""7 AM-10 PM"", ""Tuesday"": ""7 AM-10 PM"", ""Wednesday"": ""7 AM-10 PM"", ""Thursday"": ""7 AM-10 PM"", ""Friday"": ""7 AM-11 PM"", ""Saturday"": ""7 AM-11 PM"", ""Sunday"": ""7 AM-10 PM""}",OPERATIONAL,$$,TRUE
Cravings,Chinese restaurant,+1 217-328-2538,Campustown,603 S Wright St,Champaign,61820,Illinois,4.7,232,696,"{""Monday"": ""11 AM-9 PM"", ""Tuesday"": ""11 AM-9 PM"", ""Wednesday"": ""11 AM-9 PM"", ""Thursday"": ""11 AM-9 PM"", ""Friday"": ""11 AM-9 PM"", ""Saturday"": ""11 AM-9 PM"", ""Sunday"": ""Closed""}",OPERATIONAL,$,TRUE
C-U La La Noodle,Restaurant,+1 217-550-2357,Campustown,410 E Green St #13,Champaign,61820,Illinois,3.9,91,389,"{""Monday"": ""11 AM-8:30 PM"", ""Tuesday"": ""11 AM-8:30 PM"", ""Wednesday"": ""11 AM-8:30 PM"", ""Thursday"": ""11 AM-8:30 PM"", ""Friday"": ""11 AM-8:30 PM"", ""Saturday"": ""11 AM-8:30 PM"", ""Sunday"": ""11 AM-8:30 PM""}",OPERATIONAL,$$,TRUE
Culver’s,American restaurant,+1 217-352-1699,None,2302 S Neil St,Champaign,61820,Illinois,4.4,1388,180,"{""Monday"": ""10 AM-10 PM"", ""Tuesday"": ""10 AM-10 PM"", ""Wednesday"": ""10 AM-10 PM"", ""Thursday"": ""10 AM-10 PM"", ""Friday"": ""10 AM-10 PM"", ""Saturday"": ""10 AM-10 PM"", ""Sunday"": ""10 AM-10 PM""}",OPERATIONAL,$,TRUE
Culver’s,American restaurant,+1 217-607-1162,None,201 W University Ave,Urbana,61801,Illinois,4.5,764,103,"{""Monday"": ""10 AM-10 PM"", ""Tuesday"": ""10 AM-10 PM"", ""Wednesday"": ""10 AM-10 PM"", ""Thursday"": ""10 AM-10 PM"", ""Friday"": ""10 AM-10 PM"", ""Saturday"": ""10 AM-10 PM"", ""Sunday"": ""10 AM-10 PM""}",OPERATIONAL,$,TRUE
D.P. Dough,Pizza restaurant,+1 217-365-9663,Campustown,33B E Green St,Champaign,61820,Illinois,4.6,315,48,"{""Monday"": ""11 AM-1 AM"", ""Tuesday"": ""11 AM-1 AM"", ""Wednesday"": ""11 AM-1 AM"", ""Thursday"": ""11 AM-2 AM"", ""Friday"": ""11 AM-2 AM"", ""Saturday"": ""11 AM-2 AM"", ""Sunday"": ""11 AM-12 AM""}",OPERATIONAL,$,TRUE
Dairy Queen Grill & Chill,Fast food restaurant,+1 217-344-4108,None,911 W University Ave,Urbana,61801,Illinois,4.2,521,90,"{""Monday"": ""10:30 AM-10 PM"", ""Tuesday"": ""10:30 AM-10 PM"", ""Wednesday"": ""10:30 AM-10 PM"", ""Thursday"": ""10:30 AM-10 PM"", ""Friday"": ""10:30 AM-10 PM"", ""Saturday"": ""10:30 AM-10 PM"", ""Sunday"": ""10:30 AM-10 PM""}",OPERATIONAL,$,TRUE
Domino's Pizza,Pizza delivery,+1 217-355-0717,Campustown,55 E Green St,Champaign,61820,Illinois,3,274,51,"{""Monday"": ""10:30 AM-12 AM"", ""Tuesday"": ""10:30 AM-12 AM"", ""Wednesday"": ""10:30 AM-12 AM"", ""Thursday"": ""10:30 AM-12 AM"", ""Friday"": ""10:30 AM-1 AM"", ""Saturday"": ""10:30 AM-1 AM"", ""Sunday"": ""10:30 AM-12 AM""}",OPERATIONAL,$,TRUE
Dos Reales Mexican Restaurant,Mexican restaurant,+1 217-351-6879,None,1407 N Prospect Ave,Champaign,61820,Illinois,4.5,2156,654,"{""Monday"": ""11 AM-10 PM"", ""Tuesday"": ""11 AM-10 PM"", ""Wednesday"": ""11 AM-10 PM"", ""Thursday"": ""11 AM-10 PM"", ""Friday"": ""11 AM-10:30 PM"", ""Saturday"": ""11 AM-10:30 PM"", ""Sunday"": ""11 AM-10 PM""}",OPERATIONAL,$$,TRUE
Dubai Grill,Middle Eastern restaurant,+1 217-552-1276,None,701 S Gregory St,Urbana,61801,Illinois,4.8,202,213,"{""Monday"": ""11 AM-9 PM"", ""Tuesday"": ""11 AM-9 PM"", ""Wednesday"": ""11 AM-9 PM"", ""Thursday"": ""11 AM-9 PM"", ""Friday"": ""11 AM-9 PM"", ""Saturday"": ""11 AM-9 PM"", ""Sunday"": ""11 AM-7 PM""}",OPERATIONAL,$,TRUE
Dunkin',Coffee shop,+1 217-359-7005,None,515 S Neil St,Champaign,61820,Illinois,3.8,496,45,"{""Monday"": ""5 AM-9 PM"", ""Tuesday"": ""5 AM-9 PM"", ""Wednesday"": ""5 AM-9 PM"", ""Thursday"": ""5 AM-9 PM"", ""Friday"": ""5 AM-9 PM"", ""Saturday"": ""5 AM-9 PM"", ""Sunday"": ""5 AM-9 PM""}",OPERATIONAL,$,TRUE
Eighty-Three Vietnamese Cuisine,Vietnamese restaurant,,None,2502 Village Green Pl,Champaign,61822,Illinois,4.8,93,91,"{""Monday"": ""11 AM-8 PM"", ""Tuesday"": ""11 AM-8 PM"", ""Wednesday"": ""11 AM-8 PM"", ""Thursday"": ""11 AM-8 PM"", ""Friday"": ""11 AM-8 PM"", ""Saturday"": ""11 AM-8 PM"", ""Sunday"": ""Closed""}",OPERATIONAL,,TRUE
Einstein Bros. Bagels,Bagel shop,+1 217-344-7520,None,901 W University Ave,Urbana,61801,Illinois,4.4,368,102,"{""Monday"": ""6 AM-1:30 PM"", ""Tuesday"": ""6 AM-1:30 PM"", ""Wednesday"": ""6 AM-1:30 PM"", ""Thursday"": ""6 AM-1:30 PM"", ""Friday"": ""6 AM-1:30 PM"", ""Saturday"": ""6 AM-1 PM"", ""Sunday"": ""7 AM-1 PM""}",OPERATIONAL,$,TRUE
El Paraiso,Restaurant,+1 312-971-7149,None,126 W Main St,Urbana,61801,Illinois,4.9,40,61,"{""Monday"": ""Closed"", ""Tuesday"": ""12-3 PM,4-8 PM"", ""Wednesday"": ""12-3 PM,4-8 PM"", ""Thursday"": ""12-3 PM,4-8 PM"", ""Friday"": ""12-3 PM,4-8 PM"", ""Saturday"": ""12-6 PM"", ""Sunday"": ""Closed""}",OPERATIONAL,$$,TRUE
El Toro,Mexican restaurant,+1 217-378-7807,None,1005 S Neil St,Champaign,61820,Illinois,4,548,168,"{""Monday"": ""11 AM-10 PM"", ""Tuesday"": ""11 AM-10 PM"", ""Wednesday"": ""11 AM-10 PM"", ""Thursday"": ""11 AM-10 PM"", ""Friday"": ""11 AM-10 PM"", ""Saturday"": ""11 AM-10 PM"", ""Sunday"": ""11 AM-10 PM""}",OPERATIONAL,$$,FALSE
El Toro Bravo,Mexican restaurant,+1 217-351-7024,None,2561 W Springfield Ave,Champaign,61821,Illinois,4.2,917,230,"{""Monday"": ""11 AM-10 PM"", ""Tuesday"": ""11 AM-10 PM"", ""Wednesday"": ""11 AM-10 PM"", ""Thursday"": ""11 AM-10 PM"", ""Friday"": ""11 AM-10 PM"", ""Saturday"": ""11 AM-10 PM"", ""Sunday"": ""11 AM-10 PM""}",OPERATIONAL,$$,TRUE
Esquire Lounge,Restaurant,+1 217-398-5858,Downtown Champaign,106 N Walnut St,Champaign,61820,Illinois,4.4,1228,286,"{""Monday"": ""9:30-11 AM"", ""Tuesday"": ""10 AM-12 AM"", ""Wednesday"": ""10 AM-12 AM"", ""Thursday"": ""10 AM-12 AM"", ""Friday"": ""10 AM-12 AM"", ""Saturday"": ""10 AM-12 AM"", ""Sunday"": ""10 AM-12 AM""}",OPERATIONAL,$,TRUE
EVO 重慶,Chinese restaurant,+1 217-328-7688,Campustown,711 S 6th St,Champaign,61820,Illinois,4.1,235,1131,"{""Monday"": ""10:30 AM-9 PM"", ""Tuesday"": ""10:30 AM-9 PM"", ""Wednesday"": ""10:30 AM-9 PM"", ""Thursday"": ""10:30 AM-9 PM"", ""Friday"": ""10:30 AM-9 PM"", ""Saturday"": ""10:30 AM-9 PM"", ""Sunday"": ""10:30 AM-9 PM""}",OPERATIONAL,$,TRUE
Farren's Pub & Eatery,Restaurant,+1 217-359-6977,Downtown Champaign,117 N Walnut St,Champaign,61820,Illinois,4.5,1221,359,"{""Monday"": ""11 AM-9 PM"", ""Tuesday"": ""11 AM-9 PM"", ""Wednesday"": ""11 AM-9 PM"", ""Thursday"": ""11 AM-9 PM"", ""Friday"": ""11 AM-10 PM"", ""Saturday"": ""11 AM-10 PM"", ""Sunday"": ""Closed""}",OPERATIONAL,$$,TRUE
Fat City Bar and Grill,Bar & grill,+1 217-954-0556,None,505 S Chestnut St,Champaign,61820,Illinois,4.2,167,134,"{""Monday"": ""5-10 PM"", ""Tuesday"": ""5-10 PM"", ""Wednesday"": ""5-10 PM"", ""Thursday"": ""5-10 PM"", ""Friday"": ""5 PM-12 AM"", ""Saturday"": ""5 PM-12 AM"", ""Sunday"": ""Closed""}",OPERATIONAL,$,FALSE
Fat Sandwich Company,Sandwich shop,+1 217-328-5035,Campustown,502 E John St,Champaign,61820,Illinois,4.1,244,108,"{""Monday"": ""11 AM-3 AM"", ""Tuesday"": ""11 AM-3 AM"", ""Wednesday"": ""11 AM-3 AM"", ""Thursday"": ""11 AM-3 AM"", ""Friday"": ""11 AM-3 AM"", ""Saturday"": ""11 AM-3 AM"", ""Sunday"": ""11 AM-3 AM""}",OPERATIONAL,$,FALSE
Fazoli's,Italian restaurant,+1 217-356-4820,None,2029 N Prospect Ave,Champaign,61821,Illinois,3.8,579,96,"{""Monday"": ""10:30 AM-10 PM"", ""Tuesday"": ""10:30 AM-10 PM"", ""Wednesday"": ""10:30 AM-10 PM"", ""Thursday"": ""10:30 AM-10 PM"", ""Friday"": ""10:30 AM-10 PM"", ""Saturday"": ""10:30 AM-10 PM"", ""Sunday"": ""10:30 AM-10 PM""}",OPERATIONAL,$,TRUE
Fernandos Food Truck,Taco restaurant,+1 217-255-0210,Downtown Champaign,23 E Main St,Champaign,61820,Illinois,4.8,57,10,"{""Monday"": ""Closed"", ""Tuesday"": ""9 AM-9 PM"", ""Wednesday"": ""2-9:45 PM"", ""Thursday"": ""2-9:45 PM"", ""Friday"": ""2 PM-1:30 AM"", ""Saturday"": ""8:30-10 PM"", ""Sunday"": ""Closed""}",OPERATIONAL,,FALSE
Five Guys,Fast food restaurant,+1 217-398-0869,None,901 B Anthony Dr,Champaign,61821,Illinois,4,1077,159,"{""Monday"": ""11 AM-10 PM"", ""Tuesday"": ""11 AM-10 PM"", ""Wednesday"": ""11 AM-10 PM"", ""Thursday"": ""11 AM-10 PM"", ""Friday"": ""11 AM-10 PM"", ""Saturday"": ""11 AM-10 PM"", ""Sunday"": ""11 AM-10 PM""}",OPERATIONAL,$$,TRUE
Flying Monkey Cafe,American restaurant,+1 217-359-5565,None,3902 S Duncan Rd,Champaign,61822,Illinois,4.3,31,110,"{""Monday"": ""11 AM-2 PM"", ""Tuesday"": ""11 AM-2 PM"", ""Wednesday"": ""11 AM-2 PM"", ""Thursday"": ""11 AM-2 PM"", ""Friday"": ""11 AM-2 PM"", ""Saturday"": ""11 AM-4 PM"", ""Sunday"": ""11 AM-4 PM""}",OPERATIONAL,,TRUE
Four American Grill - Four Breakfast & More,Breakfast restaurant,+1 217-954-1126,Campustown,401 E Green St,Champaign,61820,Illinois,4.2,178,46,"{""Monday"": ""8 AM-2 PM,10 PM-3 AM"", ""Tuesday"": ""8 AM-2 PM,10 PM-3 AM"", ""Wednesday"": ""8 AM-2 PM,10 PM-3 AM"", ""Thursday"": ""8 AM-2 PM,10 PM-3 AM"", ""Friday"": ""8 AM-3 AM"", ""Saturday"": ""8 AM-3 AM"", ""Sunday"": ""8 AM-4 PM""}",OPERATIONAL,$$,TRUE
Golden Harbor Authentic Chinese Cuisine,Chinese restaurant,+1 217-398-8988,None,505 S Neil St,Champaign,61820,Illinois,4.5,1059,2898,"{""Monday"": ""Closed"", ""Tuesday"": ""11 AM-2:45 PM,4:30-7:45 PM"", ""Wednesday"": ""11 AM-2:45 PM,4:30-7:45 PM"", ""Thursday"": ""11 AM-2:45 PM,4:30-7:45 PM"", ""Friday"": ""11 AM-2:45 PM,4:30-7:45 PM"", ""Saturday"": ""11 AM-2:45 PM,4:30-7:45 PM"", ""Sunday"": ""11:30 AM-2:45 PM,4:30-7 PM""}",OPERATIONAL,$$,TRUE
GOLDEN WHEAT(LAO BIAO 老表),Chinese restaurant,+1 217-866-1586,Campustown,611 E Green St suite a,Champaign,61820,Illinois,4.2,118,226,"{""Monday"": ""Closed"", ""Tuesday"": ""11 AM-8 PM"", ""Wednesday"": ""11 AM-8 PM"", ""Thursday"": ""11 AM-8 PM"", ""Friday"": ""11 AM-8 PM"", ""Saturday"": ""12-8 PM"", ""Sunday"": ""12-8 PM""}",OPERATIONAL,$,TRUE
Golden Wok,Thai restaurant,+1 217-356-8383,None,405 E University Ave,Champaign,61820,Illinois,4.2,249,395,"{""Monday"": ""11 AM-8:30 PM"", ""Tuesday"": ""11 AM-8:30 PM"", ""Wednesday"": ""11 AM-8:30 PM"", ""Thursday"": ""11 AM-8:30 PM"", ""Friday"": ""11 AM-8:30 PM"", ""Saturday"": ""11 AM-8:30 PM"", ""Sunday"": ""11 AM-8:30 PM""}",OPERATIONAL,$,TRUE
Guido's Bar & Grill,Bar & grill,+1 217-359-3148,Downtown Champaign,2 E Main St,Champaign,61820,Illinois,4.2,941,232,"{""Monday"": ""11 AM-12 AM"", ""Tuesday"": ""11 AM-12 AM"", ""Wednesday"": ""11 AM-12 AM"", ""Thursday"": ""11 AM-12 AM"", ""Friday"": ""11 AM-2 AM"", ""Saturday"": ""11 AM-2 AM"", ""Sunday"": ""11 AM-12 AM""}",OPERATIONAL,$$,TRUE
Hamilton Walker's,Steak house,+1 217-350-0363,Downtown Champaign,201 N Neil St,Champaign,61820,Illinois,4.4,781,602,"{""Monday"": ""Closed"", ""Tuesday"": ""4-8:30 PM"", ""Wednesday"": ""4-8:30 PM"", ""Thursday"": ""4-8:30 PM"", ""Friday"": ""4-9 PM"", ""Saturday"": ""4-9 PM"", ""Sunday"": ""4-8:30 PM""}",OPERATIONAL,$$$,TRUE
Hickory River Smokehouse,Barbecue restaurant,+1 217-337-1656,None,1706 N Cunningham Ave,Urbana,61802,Illinois,4.3,1131,104,"{""Monday"": ""11 AM-8 PM"", ""Tuesday"": ""11 AM-8 PM"", ""Wednesday"": ""11 AM-8 PM"", ""Thursday"": ""11 AM-8 PM"", ""Friday"": ""11 AM-9 PM"", ""Saturday"": ""11 AM-9 PM"", ""Sunday"": ""11 AM-8 PM""}",OPERATIONAL,$$,TRUE
Homegrown,Restaurant,+1 217-600-7137,None,2600 S Stone Creek Blvd,Urbana,61802,Illinois,3.4,61,18,"{""Monday"": ""11 AM-9 PM"", ""Tuesday"": ""11 AM-9 PM"", ""Wednesday"": ""11 AM-9 PM"", ""Thursday"": ""11 AM-9 PM"", ""Friday"": ""11 AM-9 PM"", ""Saturday"": ""10 AM-9 PM"", ""Sunday"": ""10 AM-9 PM""}",OPERATIONAL,$,TRUE
Hot Wok Express（九号食堂）,Chinese restaurant,+1 217-384-7170,None,1102 W University Ave,Urbana,61801,Illinois,3.7,303,60,"{""Monday"": ""11 AM-8 PM"", ""Tuesday"": ""11 AM-8 PM"", ""Wednesday"": ""11 AM-8 PM"", ""Thursday"": ""11 AM-8 PM"", ""Friday"": ""11 AM-8 PM"", ""Saturday"": ""11 AM-8 PM"", ""Sunday"": ""Closed""}",OPERATIONAL,$,TRUE
Houlihan's,American restaurant,+1 217-819-5005,None,1902 S 1st St,Champaign,61820,Illinois,4.1,507,167,"{""Monday"": ""Closed"", ""Tuesday"": ""11 AM-2 PM,5-9 PM"", ""Wednesday"": ""11 AM-2 PM,5-9 PM"", ""Thursday"": ""11 AM-2 PM,5-9 PM"", ""Friday"": ""11 AM-2 PM,5-9 PM"", ""Saturday"": ""11 AM-2 PM,5-9 PM"", ""Sunday"": ""Closed""}",OPERATIONAL,$$,TRUE
Huaraches Moroleon,Mexican restaurant,+1 217-344-6772,None,805 Philo Rd,Urbana,61801,Illinois,4.6,1439,445,"{""Monday"": ""Closed"", ""Tuesday"": ""10 AM-9 PM"", ""Wednesday"": ""10 AM-9 AM"", ""Thursday"": ""10 AM-9 PM"", ""Friday"": ""10 AM-9 PM"", ""Saturday"": ""9 AM-9 PM"", ""Sunday"": ""9 AM-8 PM""}",OPERATIONAL,$,TRUE
Jerusalem Middle Eastern Cuisine,Middle Eastern restaurant,+1 217-344-8760,Campustown,601 S Wright St,Champaign,61820,Illinois,4.4,214,89,"{""Monday"": ""11 AM-6 PM"", ""Tuesday"": ""11 AM-6 PM"", ""Wednesday"": ""11 AM-6 PM"", ""Thursday"": ""11 AM-6 PM"", ""Friday"": ""11 AM-6 PM"", ""Saturday"": ""Closed"", ""Sunday"": ""Closed""}",OPERATIONAL,$,FALSE
Jet's Pizza,Restaurant,+1 217-352-3333,Campustown,512 S Neil St Ste. B,Champaign,61820,Illinois,4.1,311,40,"{""Monday"": ""10 AM-10 PM"", ""Tuesday"": ""10 AM-10 PM"", ""Wednesday"": ""10 AM-10 PM"", ""Thursday"": ""10 AM-10 PM"", ""Friday"": ""10 AM-11 PM"", ""Saturday"": ""10 AM-11 PM"", ""Sunday"": ""11 AM-10 PM""}",OPERATIONAL,$,TRUE
Jimmy John's,Sandwich shop,+1 217-344-4443,Campustown,601 E Green St,Champaign,61820,Illinois,3.1,20,13,"{""Monday"": ""10 AM-3 AM"", ""Tuesday"": ""10 AM-3 AM"", ""Wednesday"": ""10 AM-3 AM"", ""Thursday"": ""10 AM-3 AM"", ""Friday"": ""10 AM-3 AM"", ""Saturday"": ""10 AM-3 AM"", ""Sunday"": ""10 AM-3 AM""}",OPERATIONAL,$,TRUE
Jimmy John's,Sandwich shop,+1 217-328-2700,None,102 E University Ave Ste. A,Urbana,61801,Illinois,3.8,287,22,"{""Monday"": ""10 AM-11 PM"", ""Tuesday"": ""10 AM-11 PM"", ""Wednesday"": ""10 AM-11 PM"", ""Thursday"": ""10 AM-11 PM"", ""Friday"": ""10 AM-11 PM"", ""Saturday"": ""10 AM-11 PM"", ""Sunday"": ""10 AM-11 PM""}",OPERATIONAL,$,TRUE
Jimmy John's,Sandwich shop,+1 217-328-3100,None,807 S Lincoln Ave,Urbana,61801,Illinois,3.9,159,26,"{""Monday"": ""10 AM-3 AM"", ""Tuesday"": ""10 AM-3 AM"", ""Wednesday"": ""10 AM-3 AM"", ""Thursday"": ""10 AM-3 AM"", ""Friday"": ""10 AM-3 AM"", ""Saturday"": ""10 AM-3 AM"", ""Sunday"": ""10 AM-3 AM""}",OPERATIONAL,$,TRUE
Jip Bap,Korean restaurant,+1 217-552-1688,Campustown,601 S 6th St Suite 101,Champaign,61820,Illinois,4.4,320,272,"{""Monday"": ""10:30 AM-9 PM"", ""Tuesday"": ""10:30 AM-9 PM"", ""Wednesday"": ""10:30 AM-9 PM"", ""Thursday"": ""10:30 AM-9 PM"", ""Friday"": ""10:30 AM-9 PM"", ""Saturday"": ""10:30 AM-9 PM"", ""Sunday"": ""10:30 AM-9 PM""}",OPERATIONAL,$,TRUE
Joe's Brewery,Bar,+1 217-384-1790,Campustown,706 S 5th St,Champaign,61820,Illinois,4.1,395,108,"{""Monday"": ""9 PM-2 AM"", ""Tuesday"": ""9 PM-2 AM"", ""Wednesday"": ""9 PM-2 AM"", ""Thursday"": ""9 PM-2 AM"", ""Friday"": ""5 PM-2 AM"", ""Saturday"": ""11 AM-2 AM"", ""Sunday"": ""9 PM-2 AM""}",OPERATIONAL,$,TRUE
Jupiter's At The Crossing,Pizza restaurant,+1 217-366-8300,None,2511 Village Green Pl,Champaign,61822,Illinois,4.1,1575,349,"{""Monday"": ""11 AM-9 PM"", ""Tuesday"": ""11 AM-9 PM"", ""Wednesday"": ""11 AM-9 PM"", ""Thursday"": ""11 AM-9 PM"", ""Friday"": ""11 AM-10:30 PM"", ""Saturday"": ""11 AM-10:30 PM"", ""Sunday"": ""11 AM-9 AM""}",OPERATIONAL,$$,TRUE
Jupiter's Pizzeria & Billiards,Pizza restaurant,+1 217-398-5988,Downtown Champaign,39 E Main St,Champaign,61820,Illinois,4.3,677,155,"{""Monday"": ""11 AM-11:59 PM"", ""Tuesday"": ""11 AM-11:59 PM"", ""Wednesday"": ""11 AM-11:59 PM"", ""Thursday"": ""11 AM-11:59 PM"", ""Friday"": ""11 AM-11:59 PM"", ""Saturday"": ""11 AM-11:59 PM"", ""Sunday"": ""11 AM-11:59 PM""}",OPERATIONAL,$$,TRUE
Jurassic Grill,Restaurant,+1 217-954-1871,Campustown,404 E Green St #5866,Champaign,61820,Illinois,4.2,338,87,"{""Monday"": ""11 AM-3 AM"", ""Tuesday"": ""11 AM-3 AM"", ""Wednesday"": ""11 AM-3 AM"", ""Thursday"": ""11 AM-3 AM"", ""Friday"": ""11 AM-3 AM"", ""Saturday"": ""11 AM-3 AM"", ""Sunday"": ""11 AM-12 AM""}",OPERATIONAL,$,TRUE
K Bowl Inc.,Restaurant,+1 217-344-6022,Campustown,39 E Green St,Champaign,61820,Illinois,4.4,33,15,"{""Monday"": ""Closed"", ""Tuesday"": ""12-2:30 PM,5-9:30 PM"", ""Wednesday"": ""12-2:30 PM,5-9:30 PM"", ""Thursday"": ""12-2:30 PM,5-9:30 PM"", ""Friday"": ""12-2:30 PM,5-9:30 PM"", ""Saturday"": ""12-2:30 PM,5-9:30 PM"", ""Sunday"": ""12-2:30 PM,5-9 PM""}",OPERATIONAL,$,TRUE
KFC,Chicken restaurant,+1 217-328-3379,None,410 W University Ave,Urbana,61801,Illinois,3.4,756,64,"{""Monday"": ""10:30 AM-11 PM"", ""Tuesday"": ""10:30 AM-11 PM"", ""Wednesday"": ""10:30 AM-11 PM"", ""Thursday"": ""10:30 AM-11 PM"", ""Friday"": ""10:30 AM-11 PM"", ""Saturday"": ""10:30 AM-11 PM"", ""Sunday"": ""10:30 AM-11 PM""}",OPERATIONAL,$,TRUE
Ko Fusion,Asian fusion restaurant,+1 217-531-1166,Downtown Champaign,30 E Main St,Champaign,61820,Illinois,4.3,1010,556,"{""Monday"": ""11 AM-9:30 PM"", ""Tuesday"": ""11 AM-9:30 PM"", ""Wednesday"": ""11 AM-9:30 PM"", ""Thursday"": ""11 AM-9:30 PM"", ""Friday"": ""11 AM-10:30 PM"", ""Saturday"": ""11 AM-10:30 PM"", ""Sunday"": ""11 AM-9:30 PM""}",OPERATIONAL,$$$,TRUE
KoFusion Urbana,Restaurant,+1 217-954-1572,None,701 S Gregory St,Urbana,61801,Illinois,4.2,226,220,"{""Monday"": ""11 AM-8 PM"", ""Tuesday"": ""11 AM-8 PM"", ""Wednesday"": ""11 AM-8 PM"", ""Thursday"": ""11 AM-8 PM"", ""Friday"": ""11 AM-8 PM"", ""Saturday"": ""11 AM-8 PM"", ""Sunday"": ""11 AM-8 PM""}",OPERATIONAL,$$,TRUE
Kung Fu BBQ,Hot pot restaurant,+1 217-355-1888,Campustown,510 E John St,Champaign,61820,Illinois,3.3,188,343,"{""Monday"": ""11 AM-9 PM"", ""Tuesday"": ""11 AM-9 PM"", ""Wednesday"": ""11 AM-9 PM"", ""Thursday"": ""11 AM-9 PM"", ""Friday"": ""11 AM-9 PM"", ""Saturday"": ""11 AM-9 PM"", ""Sunday"": ""Closed""}",OPERATIONAL,$,TRUE
Kung Fu Tea,Bubble tea store,+1 217-552-1668,Campustown,707 S 6th St Suite 107,Champaign,61820,Illinois,4.5,397,468,"{""Monday"": ""11 AM-10 PM"", ""Tuesday"": ""11 AM-10 PM"", ""Wednesday"": ""11 AM-10 PM"", ""Thursday"": ""11 AM-10 PM"", ""Friday"": ""11 AM-10 PM"", ""Saturday"": ""11 AM-10 PM"", ""Sunday"": ""11 AM-10 PM""}",OPERATIONAL,$,TRUE
La Bahía Grill,Restaurant,+1 217-607-5958,Downtown Champaign,132 W Church St,Champaign,61820,Illinois,4.5,128,106,"{""Monday"": ""8 AM-10 PM"", ""Tuesday"": ""8 AM-10 PM"", ""Wednesday"": ""8 AM-10 PM"", ""Thursday"": ""8 AM-10 PM"", ""Friday"": ""8 AM-11 PM"", ""Saturday"": ""8 AM-11 PM"", ""Sunday"": ""8 AM-9 PM""}",OPERATIONAL,$$,TRUE
La Mixteca Restaurant,Mexican restaurant,+1 217-552-1544,None,510 N Cunningham Ave #4,Urbana,61802,Illinois,4.3,486,231,"{""Monday"": ""10 AM-9 PM"", ""Tuesday"": ""10 AM-9 PM"", ""Wednesday"": ""10 AM-9 PM"", ""Thursday"": ""10 AM-9 PM"", ""Friday"": ""10 AM-9 PM"", ""Saturday"": ""9 AM-9 PM"", ""Sunday"": ""9 AM-9 PM""}",OPERATIONAL,$$,TRUE
Lai Lai Wok,Chinese restaurant,+1 217-328-1888,Campustown,402 E Green St,Champaign,61820,Illinois,4,274,1058,"{""Monday"": ""11 AM-10:30 PM"", ""Tuesday"": ""Closed"", ""Wednesday"": ""11 AM-10:30 PM"", ""Thursday"": ""11 AM-10:30 PM"", ""Friday"": ""11 AM-10:30 PM"", ""Saturday"": ""11 AM-10:30 PM"", ""Sunday"": ""11 AM-10:30 PM""}",OPERATIONAL,$,TRUE
Le Peep,Breakfast restaurant,+1 217-352-7599,None,2209 S Neil St,Champaign,61820,Illinois,4.5,805,327,"{""Monday"": ""Closed"", ""Tuesday"": ""Closed"", ""Wednesday"": ""7 AM-1:30 PM"", ""Thursday"": ""7 AM-1:30 PM"", ""Friday"": ""7 AM-1:30 PM"", ""Saturday"": ""7 AM-1:30 PM"", ""Sunday"": ""7 AM-1:30 PM""}",OPERATIONAL,$$,TRUE
Little Caesars Pizza,Pizza restaurant,+1 217-600-7538,None,703 S Neil St SUITE A,Champaign,61820,Illinois,3.6,398,33,"{""Monday"": ""11 AM-9 PM"", ""Tuesday"": ""11 AM-9 PM"", ""Wednesday"": ""11 AM-9 PM"", ""Thursday"": ""11 AM-9 PM"", ""Friday"": ""11 AM-9 PM"", ""Saturday"": ""11 AM-9 PM"", ""Sunday"": ""11 AM-9 PM""}",OPERATIONAL,$,TRUE
Maize at the Station,Mexican restaurant,+1 217-355-3611,Downtown Champaign,100 N Chestnut St,Champaign,61820,Illinois,4.4,1139,435,"{""Monday"": ""10:30 AM-10 PM"", ""Tuesday"": ""10:30 AM-10 PM"", ""Wednesday"": ""10:30 AM-10 PM"", ""Thursday"": ""10:30 AM-10 PM"", ""Friday"": ""10:30 AM-10 PM"", ""Saturday"": ""10 AM-10 PM"", ""Sunday"": ""10 AM-9 PM""}",OPERATIONAL,$,TRUE
Maize Mexican Grill,Mexican restaurant,+1 217-355-6400,Campustown,60 E Green St,Champaign,61820,Illinois,4.5,1188,234,"{""Monday"": ""11 AM-9 PM"", ""Tuesday"": ""11 AM-9 PM"", ""Wednesday"": ""11 AM-9 PM"", ""Thursday"": ""11 AM-9 PM"", ""Friday"": ""11 AM-9 PM"", ""Saturday"": ""11 AM-9 PM"", ""Sunday"": ""11 AM-9 PM""}",OPERATIONAL,$,TRUE
Manolo's Pizza & Empanadas,Pizza restaurant,+1 217-365-0110,None,1115 W Oregon St,Urbana,61801,Illinois,4.4,476,65,"{""Monday"": ""11 AM-8 PM"", ""Tuesday"": ""11 AM-8 PM"", ""Wednesday"": ""11 AM-8 PM"", ""Thursday"": ""11 AM-8 PM"", ""Friday"": ""11 AM-9 PM"", ""Saturday"": ""11 AM-9 PM"", ""Sunday"": ""Closed""}",OPERATIONAL,$,TRUE
Masijta Grill korean BBQ,Korean restaurant,+1 217-552-1188,None,202 N Race St,Urbana,61801,Illinois,4,491,795,"{""Monday"": ""11 AM-10 PM"", ""Tuesday"": ""11 AM-10 PM"", ""Wednesday"": ""11 AM-10 PM"", ""Thursday"": ""11 AM-10 PM"", ""Friday"": ""11 AM-11 PM"", ""Saturday"": ""11 AM-11 PM"", ""Sunday"": ""11 AM-10 PM""}",OPERATIONAL,$$,TRUE
McAlister's Deli,Sandwich shop,+1 217-355-6480,None,421 W Town Center Blvd,Champaign,61820,Illinois,4.2,704,79,"{""Monday"": ""10 AM-8 PM"", ""Tuesday"": ""10 AM-8 PM"", ""Wednesday"": ""10 AM-8 PM"", ""Thursday"": ""10 AM-8 PM"", ""Friday"": ""10 AM-9 PM"", ""Saturday"": ""10 AM-9 PM"", ""Sunday"": ""10 AM-8 PM""}",OPERATIONAL,$$,TRUE
McDonald's,Fast food restaurant,+1 217-355-4862,None,906 W Bloomington Rd,Champaign,61821,Illinois,3.1,1115,70,"{""Monday"": ""Open 24 hours"", ""Tuesday"": ""Open 24 hours"", ""Wednesday"": ""Open 24 hours"", ""Thursday"": ""Open 24 hours"", ""Friday"": ""Open 24 hours"", ""Saturday"": ""Open 24 hours"", ""Sunday"": ""Open 24 hours""}",OPERATIONAL,$,TRUE
McDonald's,Fast food restaurant,+1 217-356-6679,None,1605 S Neil St,Champaign,61820,Illinois,3.2,1266,109,"{""Monday"": ""Open 24 hours"", ""Tuesday"": ""Open 24 hours"", ""Wednesday"": ""Open 24 hours"", ""Thursday"": ""Open 24 hours"", ""Friday"": ""Open 24 hours"", ""Saturday"": ""Open 24 hours"", ""Sunday"": ""Open 24 hours""}",OPERATIONAL,$,TRUE
McDonald's,Fast food restaurant,+1 217-337-6599,None,1705 S Philo Rd,Urbana,61801,Illinois,3.3,567,63,"{""Monday"": ""5:30 AM-11 PM"", ""Tuesday"": ""5:30 AM-11 PM"", ""Wednesday"": ""5:30 AM-11 PM"", ""Thursday"": ""5:30 AM-11 PM"", ""Friday"": ""5:30 AM-11 PM"", ""Saturday"": ""5:30 AM-11 PM"", ""Sunday"": ""6 AM-11 PM""}",OPERATIONAL,$,TRUE
McDonald's,Fast food restaurant,+1 217-367-3722,None,601 N Cunningham Ave,Urbana,61801,Illinois,3.4,1488,136,"{""Monday"": ""Open 24 hours"", ""Tuesday"": ""Open 24 hours"", ""Wednesday"": ""Open 24 hours"", ""Thursday"": ""Open 24 hours"", ""Friday"": ""Open 24 hours"", ""Saturday"": ""Open 24 hours"", ""Sunday"": ""Open 24 hours""}",OPERATIONAL,$,TRUE
McDonald's,Fast food restaurant,+1 217-359-5251,None,1812 N Neil St,Champaign,61820,Illinois,3.5,1227,165,"{""Monday"": ""5 AM-11 PM"", ""Tuesday"": ""5 AM-11 PM"", ""Wednesday"": ""5 AM-11 PM"", ""Thursday"": ""5 AM-11 PM"", ""Friday"": ""5 AM-11 PM"", ""Saturday"": ""5 AM-11 PM"", ""Sunday"": ""5 AM-11 PM""}",CLOSED_TEMPORARILY,$,TRUE
McDonald's,Fast food restaurant,+1 217-384-4834,Campustown,616 E Green St,Champaign,61820,Illinois,3.5,804,121,"{""Monday"": ""6 AM-3 AM"", ""Tuesday"": ""6 AM-3 AM"", ""Wednesday"": ""6 AM-3 AM"", ""Thursday"": ""6 AM-3 AM"", ""Friday"": ""6 AM-3 AM"", ""Saturday"": ""6 AM-3 AM"", ""Sunday"": ""6 AM-3 AM""}",OPERATIONAL,$,TRUE
Merry Ann's Diner (Original),Diner,+1 217-352-5399,None,1510 S Neil St,Champaign,61820,Illinois,4.5,1644,314,"{""Monday"": ""Open 24 hours"", ""Tuesday"": ""Open 24 hours"", ""Wednesday"": ""Open 24 hours"", ""Thursday"": ""Open 24 hours"", ""Friday"": ""Open 24 hours"", ""Saturday"": ""Open 24 hours"", ""Sunday"": ""Open 24 hours""}",OPERATIONAL,$,TRUE
Mia Za's,Italian restaurant,+1 217-298-3198,Campustown,629 E Green St #5701,Champaign,61820,Illinois,4.4,656,207,"{""Monday"": ""11 AM-9 PM"", ""Tuesday"": ""11 AM-9 PM"", ""Wednesday"": ""11 AM-9 PM"", ""Thursday"": ""11 AM-9 PM"", ""Friday"": ""11 AM-10 PM"", ""Saturday"": ""11 AM-10 PM"", ""Sunday"": ""11 AM-9 PM""}",OPERATIONAL,$,TRUE
Mid Summer Lounge,Restaurant,+1 217-607-1434,Campustown,623 E Green St,Champaign,61820,Illinois,4.3,294,461,"{""Monday"": ""11 AM-9 PM"", ""Tuesday"": ""11 AM-9 PM"", ""Wednesday"": ""11 AM-9 PM"", ""Thursday"": ""11 AM-9 PM"", ""Friday"": ""11 AM-9 PM"", ""Saturday"": ""11 AM-9 PM"", ""Sunday"": ""11 AM-9 PM""}",OPERATIONAL,$$,TRUE
Moki Sushi,Sushi restaurant,+1 217-552-1600,None,2017 S Neil St,Champaign,61820,Illinois,3.5,526,846,"{""Monday"": ""Closed"", ""Tuesday"": ""5-10 PM"", ""Wednesday"": ""12-10 PM"", ""Thursday"": ""12-10 PM"", ""Friday"": ""12-10 PM"", ""Saturday"": ""12-10 PM"", ""Sunday"": ""12-10 PM""}",OPERATIONAL,,TRUE
Mo's Burritos Restaurant,Mexican restaurant,+1 217-607-8131,None,705 N Neil St,Champaign,61820,Illinois,4.7,134,20,"{""Monday"": ""10 AM-9 PM"", ""Tuesday"": ""10 AM-9 PM"", ""Wednesday"": ""10 AM-9 PM"", ""Thursday"": ""10 AM-9 PM"", ""Friday"": ""10 AM-9 PM"", ""Saturday"": ""10 AM-9 PM"", ""Sunday"": ""10 AM-8 PM""}",OPERATIONAL,,TRUE
Nando Milano,Italian restaurant,+1 217-954-1439,Downtown Champaign,204 N Neil St,Champaign,61820,Illinois,4.3,481,403,"{""Monday"": ""5-10 PM"", ""Tuesday"": ""5-10 PM"", ""Wednesday"": ""5-10 PM"", ""Thursday"": ""5-10 PM"", ""Friday"": ""5-11 PM"", ""Saturday"": ""5-11 PM"", ""Sunday"": ""4-9 PM""}",OPERATIONAL,$$,TRUE
Nanjing Bistro,Restaurant,+1 217-819-2026,Campustown,508 E Green St,Champaign,61820,Illinois,3.9,41,479,"{""Monday"": ""11 AM-9 PM"", ""Tuesday"": ""11 AM-9 PM"", ""Wednesday"": ""11 AM-9 PM"", ""Thursday"": ""11 AM-9 PM"", ""Friday"": ""11 AM-9 PM"", ""Saturday"": ""11 AM-9 PM"", ""Sunday"": ""11 AM-9 PM""}",OPERATIONAL,$,TRUE
Naya Indian Cuisine,Indian restaurant,+1 217-334-0064,Campustown,212 E Green St Ste #104,Champaign,61820,Illinois,4.4,327,229,"{""Monday"": ""11 AM-2:30 PM,5-11 PM"", ""Tuesday"": ""11 AM-2:30 PM,5-11 PM"", ""Wednesday"": ""11 AM-2:30 PM,5-11 PM"", ""Thursday"": ""11 AM-2:30 PM,5-11 PM"", ""Friday"": ""11 AM-2:30 PM,5-11 PM"", ""Saturday"": ""11 AM-2:30 PM,5-11 PM"", ""Sunday"": ""11 AM-2:30 PM,5-11 PM""}",OPERATIONAL,$$,TRUE
Neil St. Blues,Soul food restaurant,+1 217-531-1150,Downtown Champaign,301 N Neil St #106,Champaign,61820,Illinois,4.5,832,415,"{""Monday"": ""Closed"", ""Tuesday"": ""11 AM-9 PM"", ""Wednesday"": ""11 AM-9 PM"", ""Thursday"": ""11 AM-9 PM"", ""Friday"": ""11 AM-10 PM"", ""Saturday"": ""11 AM-10 PM"", ""Sunday"": ""11 AM-7 PM""}",OPERATIONAL,$$,TRUE
Northern Cuisine,Chinese restaurant,+1 217-607-1299,Campustown,404 E Green St,Champaign,61820,Illinois,4.7,31,329,"{""Monday"": ""11 AM-9 PM"", ""Tuesday"": ""11 AM-9 PM"", ""Wednesday"": ""11 AM-9 PM"", ""Thursday"": ""11 AM-9 PM"", ""Friday"": ""11 AM-9 PM"", ""Saturday"": ""11 AM-9 PM"", ""Sunday"": ""11 AM-9 PM""}",OPERATIONAL,$$,TRUE
Olive Garden Italian Restaurant,Italian restaurant,+1 217-351-6339,None,30 E Anthony Dr,Champaign,61820,Illinois,4.2,2585,552,"{""Monday"": ""11 AM-10 PM"", ""Tuesday"": ""11 AM-10 PM"", ""Wednesday"": ""11 AM-10 PM"", ""Thursday"": ""11 AM-10 PM"", ""Friday"": ""11 AM-11 PM"", ""Saturday"": ""11 AM-11 PM"", ""Sunday"": ""11 AM-10 PM""}",OPERATIONAL,$$,TRUE
Oozu Ramen,Ramen restaurant,+1 217-552-1081,Campustown,601 S 6th St #102,Champaign,61820,Illinois,4.3,533,647,"{""Monday"": ""11 AM-10 PM"", ""Tuesday"": ""11 AM-10 PM"", ""Wednesday"": ""11 AM-10 PM"", ""Thursday"": ""11 AM-10 PM"", ""Friday"": ""11:30 AM-10:30 PM"", ""Saturday"": ""11:30 AM-10:30 PM"", ""Sunday"": ""11 AM-10 PM""}",OPERATIONAL,$$,TRUE
Panda Express,Chinese restaurant,+1 217-367-1371,None,106 E University Ave,Urbana,61801,Illinois,3.8,404,26,"{""Monday"": ""10:30 AM-9:30 PM"", ""Tuesday"": ""10:30 AM-9:30 PM"", ""Wednesday"": ""10:30 AM-9:30 PM"", ""Thursday"": ""10:30 AM-9:30 PM"", ""Friday"": ""10:30 AM-9 PM"", ""Saturday"": ""10:30 AM-9 PM"", ""Sunday"": ""10:30 AM-8 PM""}",OPERATIONAL,$,TRUE
Panera Bread,Cafe,+1 217-239-5000,None,1903 Convenience Pl,Champaign,61820,Illinois,4,985,519,"{""Monday"": ""7 AM-9 PM"", ""Tuesday"": ""7 AM-9 PM"", ""Wednesday"": ""7 AM-9 PM"", ""Thursday"": ""7 AM-9 PM"", ""Friday"": ""7 AM-9 PM"", ""Saturday"": ""7 AM-9 PM"", ""Sunday"": ""7 AM-9 PM""}",OPERATIONAL,$$,TRUE
Papa Del's Pizza Factory,Pizza restaurant,+1 217-359-7700,None,1201 S Neil St,Champaign,61820,Illinois,4.1,2166,867,"{""Monday"": ""10 AM-9 PM"", ""Tuesday"": ""10 AM-9 PM"", ""Wednesday"": ""10 AM-9 PM"", ""Thursday"": ""10 AM-9 PM"", ""Friday"": ""10 AM-10 PM"", ""Saturday"": ""10 AM-10 PM"", ""Sunday"": ""10 AM-9 PM""}",OPERATIONAL,$$,TRUE
Papa Johns Pizza,Pizza restaurant,+1 217-355-5858,Campustown,106 E Green St,Champaign,61820,Illinois,3.4,173,32,"{""Monday"": ""10 AM-12:50 AM"", ""Tuesday"": ""10 AM-12:50 AM"", ""Wednesday"": ""10 AM-12:50 AM"", ""Thursday"": ""10 AM-12:50 AM"", ""Friday"": ""10 AM-2:20 AM"", ""Saturday"": ""10 AM-2:20 AM"", ""Sunday"": ""11 AM-12 AM""}",OPERATIONAL,$,TRUE
Papa Johns Pizza,Pizza restaurant,+1 217-384-7272,None,1307 E Florida Ave,Urbana,61801,Illinois,3.6,140,30,"{""Monday"": ""10 AM-12 AM"", ""Tuesday"": ""10 AM-12 AM"", ""Wednesday"": ""10 AM-12 AM"", ""Thursday"": ""10 AM-12 AM"", ""Friday"": ""10 AM-1 AM"", ""Saturday"": ""10 AM-1 AM"", ""Sunday"": ""11 AM-12 AM""}",OPERATIONAL,$,TRUE
Paris super crepes,Dessert restaurant,+1 217-607-1404,Campustown,601 S 6th St #106,Champaign,61820,Illinois,4.4,439,443,"{""Monday"": ""12-10:30 PM"", ""Tuesday"": ""12-10:30 PM"", ""Wednesday"": ""12-10:30 PM"", ""Thursday"": ""12-10:30 PM"", ""Friday"": ""12-11 PM"", ""Saturday"": ""12-11 PM"", ""Sunday"": ""12-10:30 PM""}",OPERATIONAL,$,TRUE
Pastamania,Italian restaurant,+1 217-600-0845,None,1004 W University Ave,Urbana,61801,Illinois,4.8,28,25,"{""Monday"": ""11 AM-8 PM"", ""Tuesday"": ""11 AM-8 PM"", ""Wednesday"": ""11 AM-8 PM"", ""Thursday"": ""11:30 AM-8 PM"", ""Friday"": ""11 AM-8 PM"", ""Saturday"": ""11 AM-8 PM"", ""Sunday"": ""Closed""}",OPERATIONAL,,FALSE
Peking Garden Restaurant,Chinese restaurant,+1 217-355-8888,Downtown Champaign,206 N Randolph St,Champaign,61820,Illinois,4.3,86,475,"{""Monday"": ""11 AM-10 PM"", ""Tuesday"": ""4-10 PM"", ""Wednesday"": ""11 AM-10 PM"", ""Thursday"": ""11 AM-10 PM"", ""Friday"": ""11 AM-10 PM"", ""Saturday"": ""11 AM-10 PM"", ""Sunday"": ""11 AM-10 PM""}",OPERATIONAL,$$,TRUE
Perkins Restaurant & Bakery,Restaurant,+1 217-560-7347,None,1214 W University Ave,Urbana,61801,Illinois,4.1,1302,469,"{""Monday"": ""6 AM-10 PM"", ""Tuesday"": ""6 AM-10 PM"", ""Wednesday"": ""6 AM-10 PM"", ""Thursday"": ""6 AM-10 PM"", ""Friday"": ""6 AM-10 PM"", ""Saturday"": ""6 AM-10 PM"", ""Sunday"": ""6 AM-10 PM""}",OPERATIONAL,$$,TRUE
Pia's Sports Bar & Grill,Bar & grill,+1 217-351-1993,None,1609 W Springfield Ave,Champaign,61821,Illinois,4.1,295,82,"{""Monday"": ""7 AM-12 AM"", ""Tuesday"": ""7 AM-12 AM"", ""Wednesday"": ""7 AM-12 AM"", ""Thursday"": ""7 AM-12 AM"", ""Friday"": ""7 AM-1 AM"", ""Saturday"": ""7 AM-1 AM"", ""Sunday"": ""8 AM-12 AM""}",OPERATIONAL,$,TRUE
Pizzeria Antica,Pizza restaurant,+1 217-530-4137,Downtown Champaign,10 E Chester St,Champaign,61820,Illinois,4.4,478,279,"{""Monday"": ""4-9 PM"", ""Tuesday"": ""4-9 PM"", ""Wednesday"": ""4-9 PM"", ""Thursday"": ""4-9 PM"", ""Friday"": ""11 AM-10 PM"", ""Saturday"": ""11 AM-10 PM"", ""Sunday"": ""Closed""}",OPERATIONAL,$$,TRUE
Po' Boys,Barbecue restaurant,+1 217-367-2255,None,202 E University Ave #1728,Urbana,61801,Illinois,4.5,245,58,"{""Monday"": ""Closed"", ""Tuesday"": ""Closed"", ""Wednesday"": ""11 AM-8 PM"", ""Thursday"": ""11 AM-8 PM"", ""Friday"": ""11 AM-8 PM"", ""Saturday"": ""11 AM-8 PM"", ""Sunday"": ""11 AM-8 PM""}",OPERATIONAL,$$,TRUE
POKE LAB CHAMPAIGN,Hawaiian restaurant,+1 217-552-1880,Campustown,605 S 6th St,Champaign,61820,Illinois,4,228,220,"{""Monday"": ""11 AM-9:30 PM"", ""Tuesday"": ""11 AM-9:30 PM"", ""Wednesday"": ""11 AM-9:30 PM"", ""Thursday"": ""11 AM-9:30 PM"", ""Friday"": ""11 AM-9:30 PM"", ""Saturday"": ""11 AM-9:30 PM"", ""Sunday"": ""11 AM-9:30 PM""}",OPERATIONAL,$,TRUE
Potbelly,Sandwich shop,+1 217-344-5601,Campustown,501 E Green St,Champaign,61820,Illinois,3.9,388,55,"{""Monday"": ""9 AM-9 PM"", ""Tuesday"": ""9 AM-9 PM"", ""Wednesday"": ""9 AM-9 PM"", ""Thursday"": ""9 AM-9 PM"", ""Friday"": ""9 AM-9 PM"", ""Saturday"": ""9 AM-9 PM"", ""Sunday"": ""9 AM-9 PM""}",OPERATIONAL,$,TRUE
Rainbow Garden,Chinese restaurant,+1 217-398-2670,None,1402 S Neil St,Champaign,61820,Illinois,4.2,425,310,"{""Monday"": ""11 AM-9 PM"", ""Tuesday"": ""11 AM-9 PM"", ""Wednesday"": ""11 AM-9 PM"", ""Thursday"": ""11 AM-9 PM"", ""Friday"": ""11 AM-9 PM"", ""Saturday"": ""11 AM-9 PM"", ""Sunday"": ""11 AM-9 PM""}",OPERATIONAL,$$,TRUE
Rainbow Garden,Chinese restaurant,+1 217-607-2669,None,202 E University Ave Ste A,Urbana,61801,Illinois,4.2,220,430,"{""Monday"": ""11 AM-9 PM"", ""Tuesday"": ""Closed"", ""Wednesday"": ""11 AM-9 PM"", ""Thursday"": ""11 AM-9 PM"", ""Friday"": ""11 AM-9 PM"", ""Saturday"": ""11 AM-9 PM"", ""Sunday"": ""11 AM-9 PM""}",OPERATIONAL,$$,TRUE
Raising Cane's Chicken Fingers,Fast food restaurant,+1 217-866-9986,Campustown,411 E Green St,Champaign,61820,Illinois,4.3,124,46,"{""Monday"": ""10 AM-12 AM"", ""Tuesday"": ""10 AM-12 AM"", ""Wednesday"": ""10 AM-12 AM"", ""Thursday"": ""10 AM-12 AM"", ""Friday"": ""10 AM-12 AM"", ""Saturday"": ""10 AM-12 AM"", ""Sunday"": ""10 AM-12 AM""}",OPERATIONAL,$,TRUE
Red Herring Vegetarian Restaurant,Vegetarian restaurant,+1 217-367-2340,None,1209 W Oregon St,Urbana,61801,Illinois,4.5,185,86,"{""Monday"": ""11 AM-2 PM"", ""Tuesday"": ""11 AM-2 PM"", ""Wednesday"": ""11 AM-2 PM"", ""Thursday"": ""11 AM-2 PM"", ""Friday"": ""11 AM-2 PM"", ""Saturday"": ""Closed"", ""Sunday"": ""Closed""}",CLOSED_TEMPORARILY,$$,TRUE
Rosati's Pizza,Pizza restaurant,+1 217-552-1202,None,701 S Gregory St H,Urbana,61801,Illinois,4.1,373,90,"{""Monday"": ""11 AM-9 PM"", ""Tuesday"": ""11 AM-9 PM"", ""Wednesday"": ""11 AM-9 PM"", ""Thursday"": ""11 AM-9 PM"", ""Friday"": ""11 AM-9 PM"", ""Saturday"": ""11 AM-9 PM"", ""Sunday"": ""11 AM-9 PM""}",OPERATIONAL,$$,TRUE
Sakanaya,Sushi restaurant,+1 217-344-1400,Campustown,403 E Green St,Champaign,61820,Illinois,4.6,1014,1243,"{""Monday"": ""Closed"", ""Tuesday"": ""4-9 PM"", ""Wednesday"": ""4-9 PM"", ""Thursday"": ""4-9 PM"", ""Friday"": ""4-9:30 PM"", ""Saturday"": ""11 AM-1:30 PM,4-9:30 PM"", ""Sunday"": ""4-9:30 PM""}",OPERATIONAL,$$,TRUE
Sakura Japanese Cuisine,Japanese restaurant,+1 217-954-1257,None,132 W Main St,Urbana,61801,Illinois,4.5,180,439,"{""Monday"": ""11 AM-3 PM,5-10 PM"", ""Tuesday"": ""11 AM-3 PM,5-10 PM"", ""Wednesday"": ""11 AM-3 PM,5-10 PM"", ""Thursday"": ""11 AM-3 PM,5-10 PM"", ""Friday"": ""11 AM-3 PM,5-10 PM"", ""Saturday"": ""11 AM-3 PM,5-10 PM"", ""Sunday"": ""11 AM-3 PM,5-9 PM""}",OPERATIONAL,$,TRUE
Sam's Cafe,Diner,+1 217-352-7102,Downtown Champaign,115 N Walnut St,Champaign,61820,Illinois,4.6,587,88,"{""Monday"": ""6 AM-2 PM"", ""Tuesday"": ""6 AM-2 PM"", ""Wednesday"": ""6 AM-2 PM"", ""Thursday"": ""6 AM-2 PM"", ""Friday"": ""6 AM-2 PM"", ""Saturday"": ""6 AM-1:30 PM"", ""Sunday"": ""7 AM-2:30 PM""}",OPERATIONAL,$,FALSE
San Maru Korean Restaurant,Korean restaurant,+1 217-352-2119,None,2504 Village Green Pl,Champaign,61822,Illinois,4.6,275,340,"{""Monday"": ""Closed"", ""Tuesday"": ""11 AM-2:30 PM,4-8:30 PM"", ""Wednesday"": ""11 AM-2:30 PM,4-8:30 PM"", ""Thursday"": ""11 AM-2:30 PM,4-8:30 PM"", ""Friday"": ""11 AM-2:30 PM,4-8:30 PM"", ""Saturday"": ""11 AM-2:30 PM,4-8:30 PM"", ""Sunday"": ""Closed""}",OPERATIONAL,$$,TRUE
Savory Hot Pot House,Restaurant,+1 217-607-2798,None,505 S Neil St Ste 7,Champaign,61820,Illinois,4.4,43,352,"{""Monday"": ""Closed"", ""Tuesday"": ""5 PM-12 AM"", ""Wednesday"": ""5 PM-12 AM"", ""Thursday"": ""5 PM-12 AM"", ""Friday"": ""4 PM-12 AM"", ""Saturday"": ""12 PM-12 AM"", ""Sunday"": ""12 PM-12 AM""}",OPERATIONAL,$,TRUE
Seven Saints,Bar & grill,+1 217-351-7775,Downtown Champaign,32 E Chester St,Champaign,61820,Illinois,4.6,1865,683,"{""Monday"": ""11 AM-11 PM"", ""Tuesday"": ""11 AM-11 PM"", ""Wednesday"": ""11 AM-11 PM"", ""Thursday"": ""11 AM-11 PM"", ""Friday"": ""11 AM-12 AM"", ""Saturday"": ""11 AM-12 AM"", ""Sunday"": ""11 AM-11 PM""}",OPERATIONAL,$$,TRUE
Shawarma Joint,Middle Eastern restaurant,+1 217-693-7667,None,102 E University Ave,Urbana,61801,Illinois,4.8,128,64,"{""Monday"": ""11 AM-9 PM"", ""Tuesday"": ""11 AM-9 PM"", ""Wednesday"": ""11 AM-9 PM"", ""Thursday"": ""11 AM-9 PM"", ""Friday"": ""11 AM-9 PM"", ""Saturday"": ""11 AM-9 PM"", ""Sunday"": ""Closed""}",OPERATIONAL,$$,TRUE
Shiquan Wonton,Chinese restaurant,+1 217-607-2635,Campustown,210 E Green St Ste 102,Champaign,61820,Illinois,4.1,52,676,"{""Monday"": ""11:30 AM-8:45 PM"", ""Tuesday"": ""Closed"", ""Wednesday"": ""11:30 AM-8:45 PM"", ""Thursday"": ""11:30 AM-8:45 PM"", ""Friday"": ""11:30 AM-8:45 PM"", ""Saturday"": ""11:30 AM-8:45 PM"", ""Sunday"": ""11:30 AM-8:45 PM""}",OPERATIONAL,$$,TRUE
Siam Terrace,Thai restaurant,+1 217-367-8424,None,212 W Main St,Urbana,61801,Illinois,4.5,518,449,"{""Monday"": ""11 AM-3 PM,5-10 PM"", ""Tuesday"": ""11 AM-3 PM,5-10 PM"", ""Wednesday"": ""11 AM-3 PM,5-10 PM"", ""Thursday"": ""11 AM-3 PM,5-10 PM"", ""Friday"": ""11 AM-3 PM,5-10 PM"", ""Saturday"": ""11 AM-10 PM"", ""Sunday"": ""12-9 PM""}",OPERATIONAL,$$,TRUE
Signature Grill,Restaurant,+1 217-607-0893,Campustown,505 E Green St #3,Champaign,61820,Illinois,4.3,643,213,"{""Monday"": ""11 AM-10 PM"", ""Tuesday"": ""11 AM-10 PM"", ""Wednesday"": ""11 AM-10 PM"", ""Thursday"": ""11 AM-10 PM"", ""Friday"": ""11 AM-11 PM"", ""Saturday"": ""11 AM-11 PM"", ""Sunday"": ""11 AM-10 PM""}",OPERATIONAL,$,TRUE
Silvercreek,Restaurant,+1 217-328-3402,None,402 N Race St,Urbana,61801,Illinois,4.5,796,434,"{""Monday"": ""Closed"", ""Tuesday"": ""11 AM-2:30 PM,5-9 PM"", ""Wednesday"": ""11 AM-2:30 PM,5-9 PM"", ""Thursday"": ""11 AM-2:30 PM,5-9 PM"", ""Friday"": ""11 AM-2:30 PM,5-9 PM"", ""Saturday"": ""11 AM-2:30 PM,5-9 PM"", ""Sunday"": ""4-8 PM""}",OPERATIONAL,$$$,TRUE
Slim Chickens,Chicken restaurant,+1 217-356-7546,None,2037 S Neil St,Champaign,61820,Illinois,3.9,946,376,"{""Monday"": ""10 AM-10 PM"", ""Tuesday"": ""10 AM-10 PM"", ""Wednesday"": ""10 AM-10 PM"", ""Thursday"": ""10 AM-10 PM"", ""Friday"": ""10 AM-12 AM"", ""Saturday"": ""10 AM-12 AM"", ""Sunday"": ""10 AM-10 PM""}",OPERATIONAL,$,TRUE
Spoon House Korean Kitchen,Korean restaurant,+1 217-344-3483,Campustown,616 E Green St,Champaign,61820,Illinois,4.2,235,369,"{""Monday"": ""10:30 AM-9 PM"", ""Tuesday"": ""10:30 AM-9 PM"", ""Wednesday"": ""10:30 AM-9 PM"", ""Thursday"": ""10:30 AM-9 PM"", ""Friday"": ""10:30 AM-9 PM"", ""Saturday"": ""10:30 AM-9 PM"", ""Sunday"": ""10:30 AM-9 PM""}",OPERATIONAL,$$,TRUE
Stango Cuisine,African restaurant,+1 217-369-3566,Downtown Champaign,500 N Walnut St,Champaign,61820,Illinois,4.6,123,97,"{""Monday"": ""Closed"", ""Tuesday"": ""3-7 PM"", ""Wednesday"": ""3-7 PM"", ""Thursday"": ""3-7 PM"", ""Friday"": ""3-7:45 PM"", ""Saturday"": ""3-7:45 PM"", ""Sunday"": ""Closed""}",OPERATIONAL,$$,TRUE
Steak 'n Shake,Hamburger restaurant,+1 217-344-3855,None,2009 N Kenyon Rd,Urbana,61802,Illinois,3.6,1272,248,"{""Monday"": ""10 AM-12 AM"", ""Tuesday"": ""10 AM-12 AM"", ""Wednesday"": ""10 AM-12 AM"", ""Thursday"": ""10 AM-12 AM"", ""Friday"": ""10 AM-12 AM"", ""Saturday"": ""10 AM-12 AM"", ""Sunday"": ""10 AM-12 AM""}",OPERATIONAL,$,TRUE
Steak 'n Shake,Hamburger restaurant,+1 217-352-5001,None,1709 S Neil St,Champaign,61820,Illinois,3.6,1235,206,"{""Monday"": ""10 AM-10 PM"", ""Tuesday"": ""10 AM-10 PM"", ""Wednesday"": ""10 AM-10 PM"", ""Thursday"": ""10 AM-10 PM"", ""Friday"": ""10 AM-10 PM"", ""Saturday"": ""10 AM-10 PM"", ""Sunday"": ""10 AM-10 PM""}",OPERATIONAL,$,TRUE
Sticky Rice,Restaurant,+1 217-954-1929,Downtown Champaign,415 N Neil St,Champaign,61820,Illinois,4.6,447,379,"{""Monday"": ""Closed"", ""Tuesday"": ""Closed"", ""Wednesday"": ""11 AM-9 PM"", ""Thursday"": ""11 AM-9 PM"", ""Friday"": ""11 AM-9 PM"", ""Saturday"": ""11 AM-9 PM"", ""Sunday"": ""Closed""}",OPERATIONAL,$$,TRUE
Strawberry Fields Cafe,Cafe,+1 217-328-1655,None,306 W Springfield Ave,Urbana,61801,Illinois,4.4,220,147,"{""Monday"": ""9 AM-8 PM"", ""Tuesday"": ""9 AM-8 PM"", ""Wednesday"": ""9 AM-8 PM"", ""Thursday"": ""9 AM-8 PM"", ""Friday"": ""9 AM-8 PM"", ""Saturday"": ""9 AM-8 PM"", ""Sunday"": ""10 AM-6 PM""}",OPERATIONAL,$$$,TRUE
Subway,Sandwich shop,+1 217-367-1400,None,802 W University Ave,Urbana,61801,Illinois,3.7,174,10,"{""Monday"": ""8 AM-10 PM"", ""Tuesday"": ""8 AM-10 PM"", ""Wednesday"": ""8 AM-10 PM"", ""Thursday"": ""8 AM-10 PM"", ""Friday"": ""8 AM-11 PM"", ""Saturday"": ""9 AM-11 PM"", ""Sunday"": ""9 AM-10 PM""}",OPERATIONAL,$,TRUE
Subway,Sandwich shop,+1 217-359-8565,None,1403 S Neil St,Champaign,61820,Illinois,3.7,64,16,"{""Monday"": ""8 AM-10 PM"", ""Tuesday"": ""8 AM-10 PM"", ""Wednesday"": ""8 AM-10 PM"", ""Thursday"": ""8 AM-10 PM"", ""Friday"": ""8 AM-10 PM"", ""Saturday"": ""8 AM-10 PM"", ""Sunday"": ""9 AM-10 PM""}",OPERATIONAL,$,TRUE
Subway,Sandwich shop,+1 217-356-4565,None,1101 N Mattis Ave,Champaign,61821,Illinois,4.1,122,24,"{""Monday"": ""8 AM-10 PM"", ""Tuesday"": ""8 AM-10 PM"", ""Wednesday"": ""8 AM-10 PM"", ""Thursday"": ""8 AM-10 PM"", ""Friday"": ""8 AM-10 PM"", ""Saturday"": ""9 AM-10 PM"", ""Sunday"": ""9 AM-9 PM""}",OPERATIONAL,$,TRUE
"Sun Singer Restaurant, Wine & Spirits",Restaurant,+1 217-351-1115,None,1115 W Windsor Rd,Champaign,61821,Illinois,4.5,701,483,"{""Monday"": ""Closed"", ""Tuesday"": ""10:30 AM-8:30 PM"", ""Wednesday"": ""10:30 AM-8:30 PM"", ""Thursday"": ""10:30 AM-8:30 PM"", ""Friday"": ""10:30 AM-9:30 PM"", ""Saturday"": ""10 AM-9:30 PM"", ""Sunday"": ""10 AM-8 PM""}",OPERATIONAL,$$,TRUE
Sushi Ichiban,Sushi restaurant,+1 217-954-0493,Campustown,619 S Wright St,Champaign,61820,Illinois,4,358,92,"{""Monday"": ""Closed"", ""Tuesday"": ""11 AM-9 PM"", ""Wednesday"": ""11 AM-9 PM"", ""Thursday"": ""11 AM-9 PM"", ""Friday"": ""11 AM-9 PM"", ""Saturday"": ""11:30 AM-9 PM"", ""Sunday"": ""11:30 AM-9 PM""}",OPERATIONAL,$,TRUE
Sushi Kame,Japanese restaurant,+1 217-356-3366,Campustown,39 E Green St,Champaign,61820,Illinois,4.3,305,653,"{""Monday"": ""Closed"", ""Tuesday"": ""12-2:30 PM,5-9:30 PM"", ""Wednesday"": ""12-2:30 PM,5-9:30 PM"", ""Thursday"": ""12-2:30 PM,5-9:30 PM"", ""Friday"": ""12-2:30 PM,5-9:30 PM"", ""Saturday"": ""12-2:30 PM,5-9:30 PM"", ""Sunday"": ""12-2:30 PM,5-9 PM""}",OPERATIONAL,$$,TRUE
sushi man,Sushi takeaway,+1 217-366-3229,Campustown,308 E Green St,Champaign,61820,Illinois,4.2,58,516,"{""Monday"": ""11:30 AM-10 PM"", ""Tuesday"": ""11:30 AM-10 PM"", ""Wednesday"": ""11:30 AM-10 PM"", ""Thursday"": ""11:30 AM-10 PM"", ""Friday"": ""11:30 AM-10:30 PM"", ""Saturday"": ""11:30 AM-10:30 PM"", ""Sunday"": ""12-10 PM""}",OPERATIONAL,,TRUE
Sushi Siam,Sushi restaurant,+1 217-607-1906,None,1729 W Kirby Ave,Champaign,61821,Illinois,4.6,174,169,"{""Monday"": ""10:30 AM-2:30 PM,4:30-8:30 PM"", ""Tuesday"": ""10:30 AM-2:30 PM,4:30-8:30 PM"", ""Wednesday"": ""10:30 AM-2:30 PM,4:30-8:30 PM"", ""Thursday"": ""10:30 AM-2:30 PM,4:30-8:30 PM"", ""Friday"": ""10:30 AM-2:30 PM,4:30-8:30 PM"", ""Saturday"": ""10:30 AM-2:30 PM,4:30-8:30 PM"", ""Sunday"": ""Closed""}",OPERATIONAL,,TRUE
Sweet Basil Cafe,Restaurant,+1 217-607-1803,None,103 W Marketview Dr,Champaign,61820,Illinois,4.2,236,171,"{""Monday"": ""7 AM-8 PM"", ""Tuesday"": ""7 AM-8 PM"", ""Wednesday"": ""7 AM-8 PM"", ""Thursday"": ""7 AM-8 PM"", ""Friday"": ""7 AM-8 PM"", ""Saturday"": ""7 AM-8 PM"", ""Sunday"": ""7 AM-8 PM""}",OPERATIONAL,$$,TRUE
SZECHUAN TASTE CHAMPAIGN LLC,Chinese restaurant,+1 217-530-4972,Campustown,707 S 6th St #105,Champaign,61820,Illinois,4.1,61,447,"{""Monday"": ""11 AM-9:30 PM"", ""Tuesday"": ""11 AM-9:30 PM"", ""Wednesday"": ""11 AM-9:30 PM"", ""Thursday"": ""11 AM-9:30 PM"", ""Friday"": ""11 AM-9:30 PM"", ""Saturday"": ""11 AM-9:30 PM"", ""Sunday"": ""11 AM-9:30 PM""}",OPERATIONAL,$$,TRUE
Taco Bell,Fast food restaurant,+1 217-403-9803,None,1707 S Neil St,Champaign,61820,Illinois,3.6,630,189,"{""Monday"": ""Closed"", ""Tuesday"": ""Closed"", ""Wednesday"": ""9 AM-12 AM"", ""Thursday"": ""9 AM-12 AM"", ""Friday"": ""9 AM-1 AM"", ""Saturday"": ""9 AM-1 AM"", ""Sunday"": ""9 AM-8 PM""}",OPERATIONAL,$,TRUE
Taco Bell,Fast food restaurant,+1 217-367-2871,None,1003 University,Urbana,61801,Illinois,3.7,1007,232,"{""Monday"": ""8 AM-3 AM"", ""Tuesday"": ""8 AM-3 AM"", ""Wednesday"": ""8 AM-3 AM"", ""Thursday"": ""8 AM-3 AM"", ""Friday"": ""8 AM-3:30 AM"", ""Saturday"": ""8 AM-3:30 AM"", ""Sunday"": ""8 AM-3 AM""}",OPERATIONAL,$,TRUE
Taco Bell,Fast food restaurant,+1 217-398-2159,None,10 E Anthony Dr,Champaign,61820,Illinois,3.9,726,218,"{""Monday"": ""8 AM-11 PM"", ""Tuesday"": ""8 AM-1 AM"", ""Wednesday"": ""8 AM-1 AM"", ""Thursday"": ""8 AM-1 AM"", ""Friday"": ""8 AM-1 AM"", ""Saturday"": ""8 AM-1 AM"", ""Sunday"": ""9 AM-1 AM""}",OPERATIONAL,$,TRUE
Taco Motorizado,Mexican restaurant,,None,607 N Cunningham Ave,Urbana,61802,Illinois,4.5,191,42,"{""Monday"": ""11 AM-8 PM"", ""Tuesday"": ""11 AM-8 PM"", ""Wednesday"": ""11 AM-8 PM"", ""Thursday"": ""11 AM-8 PM"", ""Friday"": ""11 AM-8 PM"", ""Saturday"": ""11 AM-8 PM"", ""Sunday"": ""Closed""}",OPERATIONAL,$,TRUE
Teamoji - Champaign,Bubble tea store,+1 217-530-4148,Campustown,625 E Green St,Champaign,61820,Illinois,4.4,305,398,"{""Monday"": ""11 AM-10 PM"", ""Tuesday"": ""11 AM-10 PM"", ""Wednesday"": ""11 AM-10 PM"", ""Thursday"": ""11 AM-10 PM"", ""Friday"": ""11 AM-10 PM"", ""Saturday"": ""11 AM-10 PM"", ""Sunday"": ""11 AM-10 PM""}",OPERATIONAL,$$,TRUE
Thai Fusion,Asian restaurant,+1 217-552-1255,Campustown,611B E Green St,Champaign,61820,Illinois,4.7,57,41,"{""Monday"": ""11 AM-8 PM"", ""Tuesday"": ""11 AM-8 PM"", ""Wednesday"": ""11 AM-8 PM"", ""Thursday"": ""11 AM-8 PM"", ""Friday"": ""11 AM-8 PM"", ""Saturday"": ""Closed"", ""Sunday"": ""Closed""}",OPERATIONAL,$,TRUE
The Bread Company,Bistro,+1 217-383-1007,None,706 S Goodwin Ave,Urbana,61801,Illinois,4.6,607,372,"{""Monday"": ""9 AM-2:30 PM"", ""Tuesday"": ""9 AM-8 PM"", ""Wednesday"": ""9 AM-8 PM"", ""Thursday"": ""9 AM-8 PM"", ""Friday"": ""9 AM-9 PM"", ""Saturday"": ""4-9 PM"", ""Sunday"": ""Closed""}",OPERATIONAL,$$,TRUE
The Courier Cafe,Restaurant,+1 217-794-7056,None,111 N Race St,Urbana,61801,Illinois,4.5,1682,871,"{""Monday"": ""8 AM-8 PM"", ""Tuesday"": ""8 AM-8 PM"", ""Wednesday"": ""8 AM-8 PM"", ""Thursday"": ""8 AM-8 PM"", ""Friday"": ""8 AM-8 PM"", ""Saturday"": ""8 AM-8 PM"", ""Sunday"": ""8 AM-8 PM""}",OPERATIONAL,$$,TRUE
The C-U Original Pancake House,Breakfast restaurant,+1 217-352-8866,None,1909 W Springfield Ave,Champaign,61821,Illinois,4.7,1785,794,"{""Monday"": ""6:30 AM-1 PM"", ""Tuesday"": ""6:30 AM-1 PM"", ""Wednesday"": ""6:30 AM-1 PM"", ""Thursday"": ""6:30 AM-1 PM"", ""Friday"": ""6:30 AM-1 PM"", ""Saturday"": ""7 AM-1:30 PM"", ""Sunday"": ""7 AM-1:30 PM""}",OPERATIONAL,$$,TRUE
The Himalayan Chimney,Indian restaurant,+1 217-552-1834,Downtown Champaign,134 W Church St,Champaign,61820,Illinois,4.2,974,580,"{""Monday"": ""11 AM-3 PM,5-10 PM"", ""Tuesday"": ""11 AM-3 PM,5-10 PM"", ""Wednesday"": ""11 AM-3 PM,5-10 PM"", ""Thursday"": ""11 AM-3 PM,5-10 PM"", ""Friday"": ""11 AM-3 PM,5-10 PM"", ""Saturday"": ""11 AM-3 PM,5-10 PM"", ""Sunday"": ""12-3 PM,5-9 PM""}",OPERATIONAL,$$,TRUE
The Ribeye,Restaurant,+1 217-859-7201,None,1701 S Neil St,Champaign,61820,Illinois,4.5,1258,223,"{""Monday"": ""4:30-9 PM"", ""Tuesday"": ""4:30-9 PM"", ""Wednesday"": ""4:30-9 PM"", ""Thursday"": ""4:30-9 PM"", ""Friday"": ""4:30-9:30 PM"", ""Saturday"": ""12-9:30 PM"", ""Sunday"": ""12-9 PM""}",OPERATIONAL,$$$,TRUE
The Space,Restaurant,+1 217-531-1160,Downtown Champaign,1 E Main St Ste 107,Champaign,61820,Illinois,4.7,59,73,"{""Monday"": ""Closed"", ""Tuesday"": ""Closed"", ""Wednesday"": ""11 AM-9 PM"", ""Thursday"": ""11 AM-10 PM"", ""Friday"": ""11 AM-10 PM"", ""Saturday"": ""11 AM-10 PM"", ""Sunday"": ""Closed""}",OPERATIONAL,,TRUE
The Stuft Bird,Restaurant,+1 217-954-1962,None,104 N 4th St,Champaign,61820,Illinois,4.9,52,10,"{""Monday"": ""Closed"", ""Tuesday"": ""Closed"", ""Wednesday"": ""11 AM-8 PM"", ""Thursday"": ""11 AM-8 PM"", ""Friday"": ""11 AM-8 PM"", ""Saturday"": ""11 AM-8 PM"", ""Sunday"": ""11 AM-6 PM""}",CLOSED_TEMPORARILY,,TRUE
Timpone's,Italian restaurant,+1 217-344-7619,None,710 S Goodwin Ave,Urbana,61801,Illinois,4.3,259,163,"{""Monday"": ""Closed"", ""Tuesday"": ""4:30-9 PM"", ""Wednesday"": ""4:30-9 PM"", ""Thursday"": ""4:30-9 PM"", ""Friday"": ""4:30-9 PM"", ""Saturday"": ""4:30-9 PM"", ""Sunday"": ""Closed""}",OPERATIONAL,$$$,TRUE
Toro Loco,Mexican restaurant,+1 217-344-7855,None,1601 N Cunningham Ave,Urbana,61802,Illinois,4.4,1125,226,"{""Monday"": ""11 AM-9:30 PM"", ""Tuesday"": ""11 AM-9:30 PM"", ""Wednesday"": ""11 AM-9:30 PM"", ""Thursday"": ""11 AM-9:30 PM"", ""Friday"": ""11 AM-10 PM"", ""Saturday"": ""11 AM-10 PM"", ""Sunday"": ""11 AM-9 PM""}",OPERATIONAL,,TRUE
Tres Nopales,Mexican restaurant,+1 217-954-1211,None,114 S Race St,Urbana,61801,Illinois,4.6,216,321,"{""Monday"": ""10:30 AM-9:30 PM"", ""Tuesday"": ""10:30 AM-9:30 PM"", ""Wednesday"": ""10:30 AM-9:30 PM"", ""Thursday"": ""10:30 AM-9:30 PM"", ""Friday"": ""10:30 AM-10 PM"", ""Saturday"": ""10:30 AM-10 PM"", ""Sunday"": ""10:30 AM-9:30 PM""}",OPERATIONAL,,TRUE
Urbana Garden Family Restaurant,American restaurant,+1 217-328-1514,None,810 W Killarney St,Urbana,61801,Illinois,4.4,1362,221,"{""Monday"": ""6 AM-3 PM"", ""Tuesday"": ""6 AM-8 PM"", ""Wednesday"": ""6 AM-8 PM"", ""Thursday"": ""6 AM-8 PM"", ""Friday"": ""6 AM-8 PM"", ""Saturday"": ""6 AM-8 PM"", ""Sunday"": ""6 AM-3:30 PM""}",OPERATIONAL,$,TRUE
Vinny's by the slice and More,Pizza restaurant,+1 217-328-6032,Campustown,50 E Green St,Champaign,61820,Illinois,4.2,200,48,"{""Monday"": ""11 AM-2:30 AM"", ""Tuesday"": ""11 AM-2:30 AM"", ""Wednesday"": ""11 AM-2:30 AM"", ""Thursday"": ""11 AM-2:30 AM"", ""Friday"": ""11 AM-2:30 AM"", ""Saturday"": ""11 AM-2:30 AM"", ""Sunday"": ""Closed""}",OPERATIONAL,$,TRUE
Watson's Shack & Rail,Chicken restaurant,+1 217-607-0168,Downtown Champaign,211 N Neil St,Champaign,61820,Illinois,4.5,1177,777,"{""Monday"": ""4-9 PM"", ""Tuesday"": ""11 AM-9 PM"", ""Wednesday"": ""11 AM-10 PM"", ""Thursday"": ""11 AM-10 PM"", ""Friday"": ""11 AM-10 PM"", ""Saturday"": ""11 AM-10 PM"", ""Sunday"": ""10 AM-2 PM,4-9 PM""}",OPERATIONAL,$$,TRUE
Wendy's,Fast food restaurant,+1 217-344-2899,None,505 N Cunningham Ave,Urbana,61802,Illinois,3.6,1113,67,"{""Monday"": ""6:30 AM-1 AM"", ""Tuesday"": ""6:30 AM-1 AM"", ""Wednesday"": ""6:30 AM-1 AM"", ""Thursday"": ""6:30 AM-1 AM"", ""Friday"": ""6:30 AM-1 AM"", ""Saturday"": ""6:30 AM-1 AM"", ""Sunday"": ""6:30 AM-1 AM""}",OPERATIONAL,$,TRUE
Windy City Express,Fast food restaurant,+1 217-344-9404,None,410 N Race St,Urbana,61801,Illinois,4.4,605,47,"{""Monday"": ""10:30 AM-10 PM"", ""Tuesday"": ""10:30 AM-10 PM"", ""Wednesday"": ""10:30 AM-10 PM"", ""Thursday"": ""10:30 AM-10 PM"", ""Friday"": ""10:30 AM-11 PM"", ""Saturday"": ""10:30 AM-10 PM"", ""Sunday"": ""11 AM-9 PM""}",OPERATIONAL,$,TRUE
Wingstop,Chicken wings restaurant,+1 217-954-0352,None,512 S Neil St,Champaign,61820,Illinois,3.8,533,49,"{""Monday"": ""11 AM-11:45 PM"", ""Tuesday"": ""11 AM-11:45 PM"", ""Wednesday"": ""11 AM-11:45 PM"", ""Thursday"": ""11 AM-11:45 PM"", ""Friday"": ""11 AM-12:45 AM"", ""Saturday"": ""11 AM-12:45 AM"", ""Sunday"": ""11 AM-12 AM""}",OPERATIONAL,$$,TRUE
Wood N' Hog Barbecue,Barbecue restaurant,+1 217-607-0120,Downtown Champaign,500 N Walnut St,Champaign,61820,Illinois,4.5,299,91,"{""Monday"": ""11 AM-4 PM"", ""Tuesday"": ""11 AM-4 PM"", ""Wednesday"": ""11 AM-4 PM"", ""Thursday"": ""11 AM-4 PM"", ""Friday"": ""11 AM-4 PM"", ""Saturday"": ""Closed"", ""Sunday"": ""Closed""}",OPERATIONAL,$$,TRUE
Wood N’ Hog BBQ,Barbecue restaurant,+1 217-367-1018,None,101 W University Ave,Urbana,61801,Illinois,4.1,298,55,"{""Monday"": ""11 AM-9 PM"", ""Tuesday"": ""11 AM-9 PM"", ""Wednesday"": ""11 AM-9 PM"", ""Thursday"": ""11 AM-9 PM"", ""Friday"": ""11 AM-10 PM"", ""Saturday"": ""11 AM-10 PM"", ""Sunday"": ""11 AM-7 PM""}",OPERATIONAL,,TRUE
Xinh Xinh Cafe,Vietnamese restaurant,+1 217-337-7600,None,114 N Vine St,Urbana,61802,Illinois,4.5,319,358,"{""Monday"": ""11 AM-8 PM"", ""Tuesday"": ""11 AM-8 PM"", ""Wednesday"": ""11 AM-8 PM"", ""Thursday"": ""11 AM-8 PM"", ""Friday"": ""11 AM-8 PM"", ""Saturday"": ""11 AM-8 PM"", ""Sunday"": ""Closed""}",OPERATIONAL,$,TRUE
Yogi Korean Restaurant,Korean restaurant,+1 217-607-0079,Campustown,608 E Green St,Champaign,61820,Illinois,3.8,96,85,"{""Monday"": ""11 AM-8:30 PM"", ""Tuesday"": ""11 AM-8:30 PM"", ""Wednesday"": ""11 AM-8:30 PM"", ""Thursday"": ""11 AM-8:30 PM"", ""Friday"": ""11 AM-8:30 PM"", ""Saturday"": ""12-8:30 PM"", ""Sunday"": ""Closed""}",OPERATIONAL,$,FALSE
Y-Thai,Thai restaurant,,None,1001 S Wright St,Champaign,61820,Illinois,4.3,24,14,"{""Monday"": ""10:30 AM-3 PM"", ""Tuesday"": ""10:30 AM-3 PM"", ""Wednesday"": ""10:30 AM-3 PM"", ""Thursday"": ""10:30 AM-3 PM"", ""Friday"": ""10:30 AM-3 PM"", ""Saturday"": ""Closed"", ""Sunday"": ""Closed""}",OPERATIONAL,,FALSE
