name,neighbourhood,room_type,bedrooms,bathrooms,accommodates,minimum_nights,price,availability_365,number_of_reviews,review_score,latitude,longitude,is_superhost
"Clean, central, quiet",Sihlfeld,Entire home/apt,1.0,1.0,4,3,100.0,85,49,96.0,47.373740000000005,8.51957,0
Bedroom overlooking the lake near,Wollishofen,Private room,1.0,1.0,2,2,69.0,363,221,92.0,47.33463,8.54117,0
Luxury 3-Level Loft @ Trendy District,Escher Wyss,Entire home/apt,1.0,1.5,2,5,333.0,173,27,99.0,47.38942,8.51881,0
"room with balcony, city centre",Gewerbeschule,Private room,1.0,1.0,1,1,72.0,365,295,92.0,47.38326,8.52718,0
Best Location in Zurich Oldtown,Rathaus,Entire home/apt,2.0,1.0,4,3,111.0,238,243,89.0,47.372840000000004,8.543239999999999,0
Large Apartment - Center of Zurich,Hochschulen,Entire home/apt,3.0,2.0,6,7,360.0,56,13,98.0,47.36802,8.54813,0
Z√ºrich - we like it!,Altstetten,Private room,1.0,1.0,1,1,59.0,0,95,99.0,47.39185,8.48432,1
Z√ºrich Charming Business/Holiday,Alt-Wiedikon,Entire home/apt,1.0,2.5,2,2,115.0,278,22,98.0,47.37008,8.51368,0
Apartment Villa Feldpausch,Weinegg,Entire home/apt,1.0,1.5,2,14,150.0,56,79,99.0,47.35406,8.57885,1
Large Corner Room @ The Swiss Villa,Fluntern,Private room,1.0,1.0,1,10,115.0,178,18,100.0,47.37795,8.55781,1
"Bright & cozy apartment, downtown",Alt-Wiedikon,Entire home/apt,1.0,1.0,2,2,49.0,87,18,96.0,47.36501,8.51506,0
"Duplex  Flat, 120 m2 7-8  persons",Oerlikon,Entire home/apt,4.0,2.0,8,3,220.0,255,90,93.0,47.40703,8.55232,1
NB1: Charming 2-room apartment,Wipkingen,Entire home/apt,1.0,1.0,4,3,185.0,333,25,97.0,47.39232,8.52876,0
Great duplex in the heart of Zurich,Hard,Entire home/apt,3.0,2.0,6,150,80.0,179,15,97.0,47.38003,8.508289999999999,0
Room Central Zurich-Perfect View!!,Langstrasse,Private room,1.0,1.0,2,10,120.0,365,27,94.0,47.3748,8.52668,0
NB3: Beautiful 2-bedroom apartment,Wipkingen,Entire home/apt,1.0,1.0,4,3,165.0,332,12,80.0,47.3937,8.52998,0
Guesthouse Im Sonnenbuehl/Uetliberg,Friesenberg,Entire home/apt,1.0,1.0,7,1,250.0,301,79,86.0,47.35468,8.48535,0
Quiet room in Z√ºrich 5min to center,Wollishofen,Private room,1.0,1.5,1,1,79.0,365,74,96.0,47.33715,8.53265,0
B&B in Penthouse Z√ºrich-Seefeld,Seefeld,Private room,1.0,1.5,2,2,125.0,85,10,100.0,47.35494,8.5546,0
Top location and top apartment in Z√ºrich,Seebach,Private room,1.0,1.0,2,1,57.0,364,180,98.0,47.42716,8.54595,1
Architect's loft seen in magazines centre Zurich,Langstrasse,Entire home/apt,1.0,1.0,2,4,421.0,87,72,99.0,47.37449,8.52116,0
Centrally located room in Zurich,Sihlfeld,Private room,1.0,1.0,1,1,45.0,32,162,99.0,47.37744,8.50882,1
"Zurich - easy, central, convenient",H√∂ngg,Private room,1.0,1.0,1,4,54.0,259,27,98.0,47.402390000000004,8.49519,0
Luxury Loft/Penthouse in Z√ºrich,Alt-Wiedikon,Entire home/apt,1.0,1.0,2,5,219.0,365,18,100.0,47.36202,8.52058,0
"Zurich-heart of the city, 2,5 rooms",Langstrasse,Entire home/apt,1.0,1.0,2,3,105.0,302,205,98.0,47.379290000000005,8.5352,1
Apartement in trendy Zurich Seefeld,Weinegg,Entire home/apt,1.0,1.0,2,5,140.0,301,33,96.0,47.34949,8.56516,1
Grosse charmante Wohnung n√§he Oper,Seefeld,Entire home/apt,3.0,1.5,6,2,379.0,318,76,99.0,47.363929999999996,8.548869999999999,1
"Lovely, central, large, sunny! :-)",Wipkingen,Entire home/apt,1.0,1.0,3,3,89.0,56,30,99.0,47.39448,8.52941,0
Subletting apartment or room,Friesenberg,Entire home/apt,2.0,1.0,4,1,110.0,87,27,92.0,47.3661,8.50282,0
Room in Duplex Apartment,Enge,Private room,1.0,2.0,2,1,170.0,0,74,95.0,47.36063,8.53471,1
"Private room, bright & quiet(1-3months possible)",Wollishofen,Private room,1.0,1.5,1,2,65.0,62,53,99.0,47.33142,8.5374,1
Modern Appartement with own Garden,Unterstrass,Entire home/apt,1.0,1.0,3,3,120.0,362,72,100.0,47.395,8.534419999999999,1
Spacious room near center and university,Oberstrass,Private room,1.0,1.5,2,2,75.0,298,425,99.0,47.38302,8.54983,1
Private room in center of Zurich,Gewerbeschule,Private room,1.0,1.0,1,1,80.0,0,233,98.0,47.38435,8.53154,1
cosy flat near the lake,Friesenberg,Entire home/apt,1.0,1.0,2,21,3000.0,365,33,98.0,47.35572,8.522110000000001,0
LOVELY HOME,Enge,Private room,1.0,1.0,2,1,55.0,362,11,96.0,47.36538,8.52406,0
Room close to opera & lake,M√ºhlebach,Private room,1.0,1.5,2,1,89.0,365,67,97.0,47.36463,8.54884,1
Modern sunny Appartment lakeside,Hottingen,Entire home/apt,1.0,1.0,2,1,100.0,365,10,93.0,47.36724,8.551789999999999,0
Exclusive sunny penthouse at lake,Hottingen,Entire home/apt,1.0,1.0,2,1,100.0,365,10,88.0,47.3681,8.551160000000001,0
A spacious space,Albisrieden,Private room,1.0,2.0,4,2,110.0,1,104,95.0,47.38015,8.49808,0
studio / home office  in a trendy quarter,Wipkingen,Entire home/apt,1.0,1.0,2,14,70.0,365,42,93.0,47.394079999999995,8.53195,0
Super central & cozy! (Families with baby welcome),Werd,Entire home/apt,1.0,1.0,3,5,155.0,0,27,98.0,47.37015,8.52678,0
Roomy well-lit Private room Heart of Zurich,Enge,Private room,1.0,1.5,3,7,42.0,180,131,90.0,47.36288,8.52304,0
"Groundfloor Room i/Family Home Hottingen, Kreis 7",Hottingen,Private room,1.0,1.0,2,1,49.0,331,78,92.0,47.366440000000004,8.56301,1
Nice apartment in Zurich-Affoltern,Affoltern,Entire home/apt,1.0,2.0,2,4,140.0,25,60,98.0,47.42541,8.49986,0
"Balcony Room in FamilyHome Hottingen, Kreis 7",Hottingen,Private room,1.0,1.0,2,2,49.0,244,89,93.0,47.366440000000004,8.56301,1
Modern 5.5 Meter Celings City Center Flat!,Langstrasse,Entire home/apt,3.0,2.0,6,21,417.0,365,12,98.0,47.38015,8.52768,0
Bedroom i/Family Home Z√ºriHottingen,Hottingen,Private room,1.0,1.0,2,1,49.0,364,40,93.0,47.36589,8.56362,1
Basic Well-lit Private Room Heart of Zurich,Alt-Wiedikon,Private room,1.0,1.5,2,1,41.0,171,114,95.0,47.36407,8.52113,0
"Central Studio+balcony, lake 10 min",Hottingen,Entire home/apt,1.0,1.0,2,3,84.0,0,217,99.0,47.3673,8.55255,1
@ Hardplatz ZH,Hard,Private room,1.0,1.0,1,2,66.0,240,29,90.0,47.38153,8.51815,0
"Old-town, cozy 2 rooms flat, fully furnished",Rathaus,Entire home/apt,1.0,1.0,2,13,55.0,271,29,89.0,47.37315,8.5458,0
Central 2 room apt. (2-4 people),Wipkingen,Entire home/apt,1.0,1.0,4,2,90.0,58,22,92.0,47.393240000000006,8.528080000000001,0
Mi Casa es su Casa,Alt-Wiedikon,Entire home/apt,2.0,1.0,6,1,132.0,112,435,86.0,47.36347,8.517489999999999,0
Charmante Altbauwohnung Idaplatz,Sihlfeld,Entire home/apt,2.0,1.0,3,8,120.0,69,10,96.0,47.373459999999994,8.51491,0
Discover Z√ºrich & relax comfortably,Wollishofen,Private room,1.0,1.5,2,2,70.0,93,89,99.0,47.33763,8.53492,1
Lakeside Duplex with Stunning Views,Wollishofen,Entire home/apt,2.0,1.0,5,1,200.0,241,13,92.0,47.3409,8.53246,0
Old-town 2 room flat with river view,Rathaus,Entire home/apt,1.0,1.0,2,13,90.0,332,24,94.0,47.37396,8.542910000000001,0
Apartment in best location!,Lindenhof,Entire home/apt,1.0,1.0,2,2,149.0,0,59,98.0,47.372890000000005,8.54145,1
Centrally located 4-room apartment ‚Äì a real gem!,Oberstrass,Entire home/apt,1.0,1.0,2,20,136.0,78,14,94.0,47.37738,8.54754,0
Letzigrund Magenta Apartment,Altstetten,Entire home/apt,1.0,1.0,4,3,480.0,246,18,92.0,47.38644,8.503169999999999,0
ZH Seefeld-Kreuzstrasse - HITrental Apartment Z√ºri,Seefeld,Entire home/apt,2.0,1.0,5,1,480.0,292,46,90.0,47.362429999999996,8.54878,0
S1 - Charming 1 room apartment,Rathaus,Entire home/apt,1.0,1.0,3,3,475.0,325,28,90.0,47.37468,8.54342,0
S2 - Charming 1 room apartment,Rathaus,Entire home/apt,1.0,1.0,1,3,480.0,331,17,96.0,47.37468,8.54342,0
Sunny room in a duplex apartment,Oerlikon,Private room,1.0,2.0,2,2,53.0,364,85,98.0,47.40503,8.551,1
Sch√∂ner Raum am Z√ºrichsee,M√ºhlebach,Private room,1.0,1.0,2,1,85.0,361,101,97.0,47.35164,8.56069,0
charming room close to main station and university,Oberstrass,Private room,1.0,1.0,2,2,55.0,0,10,100.0,47.385,8.5458,0
"2-bedroom family apartment, Seefeld",M√ºhlebach,Entire home/apt,2.0,2.0,4,3,415.0,365,14,94.0,47.355779999999996,8.5566,1
Central location next to the lake 2 room flat,M√ºhlebach,Entire home/apt,1.0,1.5,2,4,109.0,56,44,96.0,47.364670000000004,8.549,0
Bright Airy Apt on Lake Zurich,Seefeld,Entire home/apt,2.0,1.5,4,2,250.0,365,25,84.0,47.3574,8.55247,0
B4  3bedroom in the heart of Zurich,Weinegg,Entire home/apt,3.0,2.0,6,3,190.0,0,79,95.0,47.36231,8.55827,1
"B5 Stylish Penthouse, 4 bedrooms",Weinegg,Entire home/apt,4.0,2.5,8,3,295.0,74,80,99.0,47.36231,8.55827,1
Cosy studio close to hot spots,Wipkingen,Entire home/apt,1.0,1.0,2,7,60.0,327,56,91.0,47.39342,8.523489999999999,0
Stadt Z√ºrich15/ kleines Studio,Altstetten,Entire home/apt,1.0,1.0,1,1,55.0,342,249,97.0,47.38157,8.480960000000001,1
B EG 3 bedroom 8008 Z√ºrich-downtown,Weinegg,Entire home/apt,3.0,2.0,6,3,190.0,89,49,98.0,47.36231,8.55827,1
Stylish apartment in the centre of Zurich.,Alt-Wiedikon,Entire home/apt,1.0,1.5,3,2,64.0,364,13,97.0,47.36607,8.5192,1
"Stadt Z√ºrich 3, Appartement-Studio (3)",Hard,Entire home/apt,1.0,1.0,2,1,68.0,358,372,93.0,47.37997,8.507019999999999,1
"Charming guestroom, near ETH and City, nice garden",H√∂ngg,Private room,1.0,1.0,2,2,70.0,356,87,98.0,47.39662,8.50882,0
Helle Wohnung in Haus mit Garten,Albisrieden,Entire home/apt,3.0,1.0,5,2,245.0,242,16,91.0,47.374309999999994,8.49474,0
Stadt Z√ºrich 4101-Appartement Albisriederplatz,Altstetten,Entire home/apt,1.0,1.0,2,1,72.0,362,116,97.0,47.382870000000004,8.50033,1
"2-bedroom apartment, Forchstrasse",Hirslanden,Entire home/apt,2.0,1.0,4,3,330.0,365,39,89.0,47.36051,8.5649,1
"2-bedroom apartment, Lindenstrasse",Seefeld,Entire home/apt,2.0,1.0,4,3,440.0,365,21,88.0,47.35784,8.552999999999999,1
"1-bedroom apartment, Nordstrasse",Unterstrass,Entire home/apt,1.0,1.0,2,7,220.0,365,11,98.0,47.38368,8.53995,1
Swiss Design in Z√ºrich-Oerlikon,Oerlikon,Entire home/apt,1.0,1.0,2,7,110.0,298,26,98.0,47.4069,8.548210000000001,0
Mini-Musiker-Zimmer,Rathaus,Private room,1.0,1.0,2,1,59.0,90,760,87.0,47.371359999999996,8.543510000000001,0
Style&Large @Hipster-City-Center with HomeCinema.,Langstrasse,Entire home/apt,3.0,1.0,8,2,191.0,79,52,96.0,47.37833,8.5263,1
spacious 75m¬≤ home with big terrace,Altstetten,Entire home/apt,1.0,1.0,4,1,55.0,237,46,90.0,47.39258,8.4786,0
"Spacious, centrally located flat",Unterstrass,Entire home/apt,2.0,1.0,4,7,120.0,0,30,99.0,47.388729999999995,8.537980000000001,0
Cozy room & Sunny balcony in Zurich,Altstetten,Private room,1.0,1.5,2,1,59.0,56,75,98.0,47.38917,8.48504,1
Masterbedroom in Duplex Apartment,Enge,Private room,1.0,1.5,2,1,70.0,0,14,91.0,47.36006,8.53437,1
"Modern, large penthouse apartment",Escher Wyss,Entire home/apt,3.0,3.0,5,4,360.0,215,12,100.0,47.3875,8.52281,0
"Bright and charming, in Z√ºrich",Alt-Wiedikon,Entire home/apt,1.0,1.0,2,6,200.0,236,31,100.0,47.35924,8.52103,1
Musiker-Unterkunft,Rathaus,Private room,1.0,1.0,4,1,64.0,90,669,90.0,47.3714,8.54349,0
Calm Zurich City Studio - desinfected & clean,Langstrasse,Entire home/apt,1.0,1.0,1,5,135.0,178,26,98.0,47.37611,8.53542,0
Cooles Doppel/Zweibettzimmer,Affoltern,Private room,1.0,1.0,2,1,65.0,364,10,92.0,47.41601,8.5176,0
charming flat in excellent location,Oberstrass,Entire home/apt,1.0,1.0,4,3,195.0,363,78,94.0,47.386509999999994,8.545110000000001,0
Quiet Luxury Apartment Citycenter,Langstrasse,Entire home/apt,1.0,1.0,3,3,210.0,247,53,96.0,47.37642,8.52352,1
fully furnished flat / nearby ETH + Airport + City,Affoltern,Entire home/apt,1.0,1.0,2,2,50.0,101,29,92.0,47.41939,8.51165,0
Family apartment in Zurich,Sihlfeld,Entire home/apt,3.0,2.0,6,1,170.0,1,19,99.0,47.368790000000004,8.52689,0
1-room flat with balkony,Sihlfeld,Entire home/apt,1.0,1.0,2,2,85.0,56,127,95.0,47.3721,8.51832,0
2 Bedroom Apartment Junior,Alt-Wiedikon,Entire home/apt,2.0,1.0,4,2,202.0,308,35,83.0,47.36226,8.52215,0
2 Bedroom Apartment Senior,Werd,Entire home/apt,2.0,1.0,4,2,251.0,308,21,90.0,47.37323,8.52616,0
"3,5r family flat &practical located",Seebach,Entire home/apt,2.0,2.0,5,5,125.0,294,122,96.0,47.41881,8.55751,1
"ZURICH CITY LOFT! (110m2, free parking)",Enge,Entire home/apt,1.0,1.0,4,1,239.0,363,30,99.0,47.35965,8.52389,1
Z√ºrich private room/ balcony / lake - rent monthly,Hirslanden,Private room,1.0,1.0,2,1,61.0,281,16,86.0,47.361340000000006,8.566289999999999,0
"Sofa bed. Quiet, Safe, Clean",Oerlikon,Private room,1.0,1.0,4,1,45.0,365,56,95.0,47.40424,8.55429,1
"Charming, green & very close 2 city",Hirzenbach,Entire home/apt,1.0,1.0,2,2,93.0,270,15,90.0,47.39705,8.58657,0
Great Double Room with Shared Bath,Affoltern,Private room,1.0,2.0,2,1,72.0,364,10,90.0,47.41468,8.516910000000001,0
Privat room - quiet neighborhood,Unterstrass,Private room,1.0,1.0,1,3,48.0,178,25,99.0,47.40075,8.538269999999999,0
new apartment close to Zurich city and airport,Seebach,Entire home/apt,1.0,1.0,2,4,47.0,117,28,96.0,47.41831,8.55781,0
"B2-3BR, castle Neumuenster, 8008 ZH",Weinegg,Entire home/apt,3.0,2.0,6,3,190.0,0,43,95.0,47.36231,8.55827,1
Charming spacious bright & central!,Hottingen,Entire home/apt,1.0,1.0,3,2,130.0,69,27,94.0,47.369659999999996,8.55303,0
Unique lovely and cozy flat in the city center.,Sihlfeld,Entire home/apt,2.0,1.0,4,3,99.0,61,23,98.0,47.37332,8.51905,1
Zrh City - you wanna stay forever,Sihlfeld,Entire home/apt,1.0,1.0,2,14,120.0,178,14,98.0,47.37081,8.51126,0
Near University and ETH,Fluntern,Private room,1.0,1.0,1,1,70.0,90,125,98.0,47.380320000000005,8.55722,0
Charming 2BR apartment/old town UZ6,Rathaus,Entire home/apt,2.0,2.0,6,2,168.0,46,138,95.0,47.3718,8.54541,1
Great 1BR flat in old town (SCHWANEN),Lindenhof,Entire home/apt,1.0,1.0,4,2,89.0,60,87,93.0,47.37216,8.541030000000001,1
Large Mansion surrounded by private park,Affoltern,Entire home/apt,7.0,3.0,16,1,650.0,365,39,89.0,47.415490000000005,8.51784,0
"ZURICH CITY OFFICE/STUDIO! (70m2, free parking)",Enge,Entire home/apt,1.0,1.0,2,1,150.0,363,13,89.0,47.36065,8.524469999999999,1
Spacious apartment close to lake and old town,Hottingen,Entire home/apt,1.0,1.5,2,1,159.0,0,10,97.0,47.365359999999995,8.55408,0
Charming single room with french touch,H√∂ngg,Private room,1.0,1.0,1,1,60.0,362,42,100.0,47.41105,8.48109,1
Nice room in the heart of Zurich,Hard,Private room,1.0,1.0,2,1,92.0,365,20,98.0,47.37781,8.51649,0
Zimmer mit Bad im Herzen Z√ºrichs,Hottingen,Private room,1.0,1.0,2,2,89.0,365,37,99.0,47.36773,8.55611,1
Cosy place with spacious terrace,M√ºhlebach,Entire home/apt,1.0,1.0,2,2,94.0,0,123,99.0,47.35286,8.55978,1
Brand New Cozy Loft,Altstetten,Entire home/apt,1.0,1.0,4,13,120.0,241,19,94.0,47.384879999999995,8.49463,0
Stadt Z√ºrich- Guesthouse (Zimmer 2),Altstetten,Private room,1.0,1.5,1,10,45.0,117,44,98.0,47.380309999999994,8.48205,1
Stadt Z√ºrich-Guesthouse ( Zimmer 1),Altstetten,Private room,1.0,1.5,1,14,41.0,208,41,95.0,47.3815,8.48216,1
Amazing oldtown location by Airhome,Rathaus,Entire home/apt,1.0,1.5,3,1,284.0,361,66,95.0,47.37137,8.54428,1
Z√ºrich app balcony nice area city,Hirslanden,Entire home/apt,1.0,1.0,3,1,77.0,365,12,90.0,47.36309,8.56658,0
Charming flat / near lake (FB9),Seefeld,Entire home/apt,1.0,1.0,4,2,89.0,61,91,96.0,47.36215,8.54946,1
Kreis 7 - Quiet private room,Witikon,Private room,1.0,1.5,1,28,35.0,177,20,90.0,47.35736,8.598460000000001,1
"Stadt, Land, Fluss,Bad",H√∂ngg,Private room,1.0,1.0,6,1,70.0,365,61,97.0,47.411590000000004,8.48127,1
Cosy lounge-flat close to the lake,Weinegg,Entire home/apt,1.0,1.0,3,3,90.0,268,18,87.0,47.35477,8.56168,0
"Bed. Private, Clean, Safe, Quiet",Oerlikon,Private room,1.0,1.0,2,1,40.0,365,80,98.0,47.403909999999996,8.55308,1
,Wipkingen,Private room,1.0,1.0,2,1,65.0,170,91,98.0,47.388870000000004,8.529860000000001,1
Le Bijou Historic Roof Top Apartment,City,Entire home/apt,2.0,2.0,6,1,835.0,358,44,96.0,47.37682,8.53883,1
Charming 1BD flat / old town UZ16,Rathaus,Entire home/apt,1.0,1.0,4,2,93.0,117,344,96.0,47.3718,8.54541,1
Nice 1BR apartment near lake (FB6),Seefeld,Entire home/apt,1.0,1.0,4,2,89.0,57,143,96.0,47.36107,8.54984,1
Clean Cozy Center+pocketWIFI,Sihlfeld,Private room,1.0,1.5,1,1,59.0,78,100,97.0,47.37316,8.51976,1
Helles Altbaubjoux im Zentrum,Rathaus,Entire home/apt,2.0,1.5,3,2,160.0,46,44,98.0,47.37259,8.54535,0
Charming attic - 6min from ZurichHB,Alt-Wiedikon,Entire home/apt,1.0,1.0,4,2,70.0,28,41,96.0,47.363690000000005,8.512030000000001,0
2 Bedroom Apartment Mini,Seebach,Entire home/apt,2.0,1.0,2,2,109.0,0,11,80.0,47.41407,8.54519,0
1 Bedroom Apartment Junior,City,Entire home/apt,1.0,1.0,2,2,159.0,308,15,89.0,47.36987,8.531889999999999,0
2BR flat near lake/city center SF5,M√ºhlebach,Entire home/apt,2.0,1.0,6,2,99.0,58,113,96.0,47.36114,8.5518,1
Stauffacher Apartment- DaCosta,Langstrasse,Entire home/apt,1.0,1.0,4,3,480.0,209,18,92.0,47.37708,8.523480000000001,0
Stauffacher Apartment- Kuhn,Langstrasse,Entire home/apt,2.0,1.0,5,3,486.0,270,41,90.0,47.37708,8.523480000000001,0
Stauffacher Apartment- Botteron,Langstrasse,Entire home/apt,2.0,1.0,5,3,480.0,315,14,96.0,47.37708,8.523480000000001,0
Bullerby in Zurich - Ross√∂,Hirzenbach,Entire home/apt,1.0,1.0,4,2,199.0,305,23,99.0,47.40036,8.57644,0
Bullerby in Zurich - Res√∂,Schwamendingen-Mitte,Entire home/apt,1.0,1.0,4,2,199.0,306,20,98.0,47.40136,8.576139999999999,0
Sunny central flat - zentral & sonnig,Unterstrass,Entire home/apt,1.0,1.0,2,2,95.0,7,29,99.0,47.38865,8.540939999999999,0
2 Bedroom Apartment Senior,Alt-Wiedikon,Entire home/apt,2.0,1.0,3,2,249.0,308,18,84.0,47.3623,8.52228,0
2 BR apartment near the lake / city center (D2),Seefeld,Entire home/apt,2.0,1.0,6,2,99.0,46,196,96.0,47.357209999999995,8.5547,1
1 Bedroom Apartment Junior,Alt-Wiedikon,Entire home/apt,1.0,1.0,2,2,200.0,307,20,89.0,47.36231,8.52214,0
Fully furnished Studio (30sqm) with patio,Albisrieden,Entire home/apt,1.0,1.0,2,7,120.0,322,18,100.0,47.3797,8.500810000000001,1
cosy&easy,Rathaus,Hotel room,1.0,0.0,1,1,95.0,90,69,93.0,47.37358,8.544,0
Clean Spacious Fresh Centre+mobileWiFi,Sihlfeld,Private room,1.0,1.5,1,2,52.0,64,89,96.0,47.37312,8.51953,1
Le Bijou MH6 Jacuzzi Penthouse Apartment,Lindenhof,Entire home/apt,1.0,2.0,8,1,1114.0,1,38,93.0,47.37075,8.54147,1
Charming room in leafy area,Oberstrass,Private room,1.0,1.0,1,2,70.0,364,35,99.0,47.39049,8.54989,1
Lovely 2BR apartment (Mainau 7),M√ºhlebach,Entire home/apt,2.0,1.0,6,2,99.0,64,159,92.0,47.36124,8.55203,1
Private room in creative Zurich district 5,Gewerbeschule,Private room,1.0,1.0,2,1,74.0,332,83,97.0,47.38603,8.525089999999999,1
"lovely apartment, 5min from Z√ºrich city",Wipkingen,Entire home/apt,1.0,1.0,2,5,100.0,0,11,95.0,47.394020000000005,8.53246,0
Top Lake Side Location By Airhome,Rathaus,Entire home/apt,2.0,2.5,8,1,347.0,353,66,95.0,47.36902,8.54354,1
Chic and central private room,Enge,Private room,1.0,1.0,2,2,75.0,50,18,94.0,47.35861,8.526530000000001,0
"Penthouse in the heart of Zurich,with free parking",Alt-Wiedikon,Entire home/apt,2.0,1.5,4,2,250.0,79,296,98.0,47.35863,8.52326,1
Lovely 2BR apartment (Mainau 8),M√ºhlebach,Entire home/apt,2.0,1.0,6,2,99.0,62,197,95.0,47.36124,8.55203,1
Tidy Flat at BELLEVUE Square - Very Central - Lake,Hochschulen,Entire home/apt,1.0,1.0,3,1,108.0,346,34,97.0,47.366659999999996,8.54292,0
"Cosy room in Zurich, little garden&friendly cat",Wollishofen,Private room,1.0,1.5,2,1,57.0,58,54,97.0,47.34323,8.52305,0
Downtown Z√ºrich main station(HB),Unterstrass,Entire home/apt,1.0,1.5,2,1,162.0,24,81,96.0,47.38105,8.54301,1
Nice 3.5 room Strawberry Apartment,Oerlikon,Entire home/apt,2.0,1.0,5,3,480.0,120,19,95.0,47.40802,8.54762,0
Gorgeous flat in hip & vibrant area,Gewerbeschule,Entire home/apt,2.0,1.0,4,3,210.0,243,200,98.0,47.38187,8.53466,1
Modern large City apartment ZURICH WIFI 100mbps,Altstetten,Entire home/apt,2.0,2.0,4,4,220.0,365,19,96.0,47.38898,8.49287,0
2 BR apartment near the lake / city centre D5,Seefeld,Entire home/apt,2.0,1.0,6,2,95.0,52,21,91.0,47.357209999999995,8.5547,1
Beautiful Apartment in Heart of Old Town,Rathaus,Entire home/apt,1.0,1.0,2,25,200.0,83,13,95.0,47.37209,8.54247,0
"Zurich old town, exclusive",Rathaus,Private room,1.0,2.0,2,2,125.0,266,51,99.0,47.36953,8.54568,1
2BD flat near Bellevue (Holbein 4),M√ºhlebach,Entire home/apt,2.0,1.5,6,2,140.0,15,164,96.0,47.36473,8.548910000000001,1
Charming apartment close to the centre,Hard,Entire home/apt,2.0,1.0,4,3,80.0,0,11,100.0,47.38494,8.509260000000001,0
Central quiet 2 bed room flat with vegan breakfast,Oerlikon,Entire home/apt,2.0,1.0,6,1,75.0,64,392,92.0,47.407070000000004,8.55428,0
Private room by the limmat,Unterstrass,Private room,3.0,1.0,2,30,80.0,34,19,96.0,47.382940000000005,8.54053,0
Cozy in most lively area in Zurich!,Hard,Private room,1.0,1.0,2,1,72.0,118,14,94.0,47.38353,8.50901,0
120m¬≤ exec apartment near lake with private garage,Wollishofen,Entire home/apt,2.0,2.0,7,2,345.0,270,116,99.0,47.35263,8.53058,1
Wake up in the heart of the Old town,Lindenhof,Private room,1.0,1.0,1,1,67.0,335,67,94.0,47.3733,8.54177,1
Room with balcony in high standing apartment,Seebach,Private room,1.0,1.5,2,1,102.0,365,148,98.0,47.41935,8.5565,1
Cosy apartment next to the lake,Seefeld,Entire home/apt,1.0,1.0,2,25,100.0,362,22,88.0,47.361309999999996,8.55027,0
"Beautiful, central flat with Limmat (river) view",Escher Wyss,Entire home/apt,1.0,1.0,2,6,85.0,22,16,100.0,47.392140000000005,8.51455,0
Chez Ruth,Sihlfeld,Private room,1.0,1.0,2,3,60.0,72,112,99.0,47.37888,8.50335,1
Artistic Apartment in the Historic Old Town,Lindenhof,Private room,1.0,1.0,2,2,103.0,364,14,84.0,47.37276,8.539539999999999,0
"Close to public transportation, 10min from center",Unterstrass,Private room,1.0,1.0,1,4,56.0,365,30,95.0,47.39982,8.541269999999999,0
Studio flat in Zurich historical centre,Hochschulen,Entire home/apt,1.0,1.0,2,3,89.0,0,102,97.0,47.37405,8.54689,1
The heart of the oldtown,Lindenhof,Private room,1.0,1.0,1,1,65.0,358,99,93.0,47.37305,8.54167,1
Ein Platz an der Sonne,Seefeld,Entire home/apt,4.0,3.0,8,3,701.0,360,31,100.0,47.36387,8.54882,1
Antik House with a beautiful garden,Enge,Private room,1.0,1.0,2,7,55.0,87,24,96.0,47.35666,8.52867,1
Paradeplatz / Bahnhofstrasse Apartment by Airhome,Lindenhof,Entire home/apt,1.0,1.0,4,1,312.0,362,40,96.0,47.370670000000004,8.54021,1
L√∂wenplatz Apartment next to Station by Airhome,City,Entire home/apt,3.0,1.5,8,1,382.0,357,77,95.0,47.375370000000004,8.53501,1
2BD flat near Bellevue (Holbein 1),M√ºhlebach,Entire home/apt,2.0,2.0,6,2,108.0,62,196,96.0,47.36385,8.54942,1
Executive 1BD flat / city center (H√∂sch 3),Seefeld,Entire home/apt,1.0,1.0,4,2,92.0,63,66,97.0,47.35733,8.55358,1
Very nice 2BD flat city center Enge (Wille 1),Enge,Entire home/apt,2.0,1.0,5,2,99.0,37,202,95.0,47.36376,8.53257,1
Room at the lake with private bathroom,Enge,Private room,1.0,1.5,2,1,59.0,0,14,87.0,47.361340000000006,8.5359,1
Charming flat in hip & vibrant area,Langstrasse,Entire home/apt,2.0,1.0,4,3,190.0,365,113,98.0,47.37963,8.5337,1
"Eco-friendly, Modern, SMART HOME! 10Gb internet",Escher Wyss,Entire home/apt,1.0,1.0,4,3,220.0,361,58,97.0,47.388729999999995,8.51447,1
Amazing oldtown location by Airhome 1st floor,Rathaus,Entire home/apt,1.0,1.0,3,1,223.0,355,26,93.0,47.37137,8.54428,1
Le Bijou LQ82 Limmat View Apartment,Rathaus,Entire home/apt,2.0,2.0,6,1,646.0,344,55,96.0,47.373129999999996,8.54242,1
Cozy & quiet room in antik house close to the lake,Enge,Private room,1.0,1.0,3,1,59.0,64,137,95.0,47.35784,8.526769999999999,1
Rening my place from 01.09. - 31.10.2019,Hirzenbach,Private room,1.0,1.0,2,1,45.0,0,24,91.0,47.39835,8.58831,0
‚ù§ Centrally Situated Roof-Top Modern  Cosy Flat ‚ò∫,Alt-Wiedikon,Private room,1.0,1.0,2,7,74.0,365,108,97.0,47.36582,8.515239999999999,1
Feel at home in Zurich,Wipkingen,Private room,1.0,1.5,2,1,34.0,26,48,97.0,47.39628,8.52365,1
Zimmer in einer WG,Albisrieden,Private room,1.0,2.0,1,2,45.0,364,17,89.0,47.37944,8.48299,0
Zurich-City Center - for business guests / expats,Gewerbeschule,Private room,1.0,1.0,1,20,55.0,83,14,97.0,47.3832,8.52917,0
Private Room @ Z√ºrich City,Alt-Wiedikon,Private room,1.0,1.0,2,2,47.0,64,83,95.0,47.36057,8.51748,0
Helles Zimmer in charmantem Altbau!,Enge,Private room,1.0,1.5,2,1,109.0,89,13,97.0,47.36023,8.530289999999999,0
"Central, Spacious(130m2), Terrace, Mountain View",Hirslanden,Entire home/apt,2.0,1.5,6,1,190.0,145,164,96.0,47.36213,8.566410000000001,1
Central and bright room in Z√ºrich,Langstrasse,Private room,1.0,1.5,2,3,64.0,365,35,97.0,47.37608,8.5225,0
Cozy newly furnished 2 bedroom in Seefeld,Seefeld,Entire home/apt,2.0,1.5,5,2,137.0,125,168,100.0,47.358999999999995,8.55077,1
"Room in 4.5  Maisonette, Z√ºrich",Altstetten,Private room,1.0,2.0,3,2,99.0,179,33,92.0,47.3821,8.50132,0
Room with private bathroom in modern appartment,Hirzenbach,Private room,1.0,1.0,2,1,65.0,177,43,99.0,47.40592,8.5917,1
Living directly at the Water,Escher Wyss,Entire home/apt,2.0,1.0,3,3,500.0,365,12,98.0,47.3923,8.51627,0
Sweet and cosy Apartment in City Center of Zurich,Oberstrass,Entire home/apt,1.0,1.5,2,2,85.0,23,117,98.0,47.38368,8.54912,1
3.5 Zi. Altbau Bijou mit Balkon-zentral gelegen,Alt-Wiedikon,Entire home/apt,1.0,1.0,4,4,150.0,300,11,100.0,47.36657,8.522110000000001,0
"Quiet, central, cosy with organic vegan breakfast",Oerlikon,Private room,2.0,1.0,1,1,43.0,4,29,95.0,47.40801,8.548010000000001,0
Direkt im belebten Kreis 4,Langstrasse,Entire home/apt,1.0,1.0,2,3,69.0,0,126,92.0,47.37912,8.52599,0
1.5 room apartment in heart of Zurich (HG-20),Rathaus,Entire home/apt,1.0,1.0,1,7,75.0,364,25,90.0,47.36997,8.546710000000001,0
"Executive 1BR flat, city center (Hammer 1)",Weinegg,Entire home/apt,1.0,1.0,4,2,92.0,8,104,94.0,47.3596,8.558530000000001,1
Charming 1BR flat near the lake (FB1),Seefeld,Entire home/apt,1.0,1.0,4,2,110.0,55,30,94.0,47.36327,8.5487,1
Attic Loft with rooftop terrace!,Alt-Wiedikon,Entire home/apt,1.0,1.5,3,1,88.0,142,264,91.0,47.36477,8.51936,0
Charming and Cosy Apt in Z√ºrich,Wipkingen,Private room,1.0,1.0,2,2,66.0,153,189,96.0,47.39255,8.53185,1
1 spare room & double bed/ long term also possible,Seefeld,Private room,1.0,2.5,2,1,60.0,90,17,95.0,47.360409999999995,8.5511,0
Swiss Star Aemtlerstrasse - 1.5 room apartment,Sihlfeld,Entire home/apt,1.0,1.0,2,1,105.0,11,24,82.0,47.37643,8.5102,0
Swiss Star Aemtlerstrasse - 1 bedroom apartment,Sihlfeld,Entire home/apt,1.0,1.0,2,1,100.0,7,25,71.0,47.37643,8.5102,0
Swiss Star Aemtlerstrasse - 2 bedroom apartment,Sihlfeld,Entire home/apt,2.0,1.0,4,1,120.0,0,12,78.0,47.37643,8.5102,0
Swiss Star Marc Aurel - 2 bedroom apartment,Hard,Entire home/apt,2.0,1.0,4,1,160.0,0,53,75.0,47.378890000000006,8.5093,0
Swiss Star University - 1 bedroom apartment,Oberstrass,Entire home/apt,1.0,1.0,2,1,122.0,32,18,87.0,47.38256,8.54839,0
Swiss Star Longstreet - 2 bedroom apartment,Gewerbeschule,Entire home/apt,2.0,1.0,4,1,132.0,0,171,79.0,47.38315,8.5301,0
Swiss Star Longstreet - Double Room,Gewerbeschule,Entire home/apt,1.0,1.0,2,1,73.0,0,31,68.0,47.38315,8.5301,0
Swiss Star Wiedikon - 1 bedroom apartment,Alt-Wiedikon,Entire home/apt,1.0,1.0,2,1,120.0,19,30,80.0,47.36765,8.521889999999999,0
Swiss Star Wiedikon - 2 bedroom apartment,Alt-Wiedikon,Entire home/apt,2.0,1.0,4,1,155.0,85,30,77.0,47.36765,8.521889999999999,0
"Stylish garden flat in quiet, central location",Alt-Wiedikon,Entire home/apt,2.0,1.0,6,30,250.0,25,100,99.0,47.36084,8.51707,1
Zurich City lovely 2.5 entire flat (no extra fees),Hottingen,Entire home/apt,1.0,1.0,2,30,74.0,86,17,96.0,47.367979999999996,8.56327,0
1 Bedroom Apartment with Balcony & Garden View,Alt-Wiedikon,Entire home/apt,1.0,1.0,4,2,129.0,361,18,94.0,47.35913,8.51717,0
"Stunning view over the city, calm & stylish",Oberstrass,Entire home/apt,1.0,1.0,2,2,120.0,361,49,99.0,47.391000000000005,8.5478,1
1 Bedroom Apartment with Garden View,Alt-Wiedikon,Entire home/apt,1.0,1.0,4,2,129.0,357,16,93.0,47.35982,8.51704,0
Elegance in the Heart of the City-by Zurich lake,Seefeld,Entire home/apt,1.0,1.0,2,3,99.0,0,43,100.0,47.35256,8.55529,0
Zimmer f√ºr 2 N√§he Konzert Airp./City/Messe,Seebach,Private room,1.0,1.0,2,1,32.0,24,126,97.0,47.41728,8.54833,1
Stauffacher Apartment- Keita,Langstrasse,Entire home/apt,1.0,1.0,4,3,480.0,323,22,91.0,47.37708,8.523480000000001,0
Stauffacher Apartment- Kuenzli,Langstrasse,Entire home/apt,2.0,1.0,5,3,480.0,342,33,93.0,47.37708,8.523480000000001,0
Nice 2.5 room Raspberry I Apartment,Oerlikon,Entire home/apt,1.0,1.0,4,3,480.0,88,12,98.0,47.40802,8.54762,0
I am subletting my cosy flat perfectly situated,Hard,Entire home/apt,1.0,1.0,2,1,82.0,253,149,95.0,47.37985,8.51411,0
"top modern 3.5 room loft apartment, hip urban city",Escher Wyss,Entire home/apt,1.0,1.0,3,3,184.0,152,10,100.0,47.38735,8.51522,1
"helles Zimmer in angenehmer 3er WG, top Anbindung",Seebach,Private room,1.0,1.0,1,2,60.0,57,18,99.0,47.4144,8.558589999999999,0
Cosy & central appartment,Wipkingen,Entire home/apt,1.0,1.0,2,1,150.0,364,35,95.0,47.393390000000004,8.52529,0
Nice studio in Zurich center (close to HB)!,Unterstrass,Entire home/apt,1.0,1.0,2,30,85.0,14,58,94.0,47.38537,8.54369,0
Bright and cozy 1.5 apartment in Zurich (HG-4),Hochschulen,Entire home/apt,1.0,1.0,1,7,72.0,191,35,85.0,47.37038,8.547189999999999,0
Swiss Star Oerlikon - 3 bedroom apartment #01,Oerlikon,Entire home/apt,3.0,1.0,6,1,175.0,0,63,85.0,47.40947,8.54091,0
Swiss Star Tower - Studio,Seebach,Entire home/apt,1.0,1.0,2,1,88.0,87,35,77.0,47.41404,8.54699,0
Europaallee Luxury Apartment @ CENTRAL STATION,Langstrasse,Entire home/apt,1.0,1.0,4,2,125.0,34,21,94.0,47.37944,8.53346,0
Nice room in a big modern flat,Albisrieden,Private room,1.0,1.0,2,4,51.0,0,10,96.0,47.37989,8.48981,0
Central & Comfy Apartment - Zurich,Alt-Wiedikon,Entire home/apt,1.0,1.0,2,2,79.0,47,11,98.0,47.36929,8.5191,0
Furnished renovated apartment in Zurich City,Wollishofen,Entire home/apt,2.0,1.0,4,3,170.0,91,124,100.0,47.35177,8.530439999999999,1
Swiss Star Marc Aurel - Double Room,Hard,Entire home/apt,1.0,1.0,2,1,86.0,89,58,79.0,47.378890000000006,8.5093,0
Apartment near Helvetiaplatz,Langstrasse,Entire home/apt,2.0,1.0,3,1,130.0,12,16,99.0,47.3759,8.52021,0
Elegant Zurich apartment with view,H√∂ngg,Entire home/apt,1.0,1.0,5,2,84.0,3,28,97.0,47.39812,8.50584,0
"Central, minimalist, clean flat",Wipkingen,Entire home/apt,1.0,1.0,5,30,48.0,36,20,89.0,47.39394,8.531789999999999,0
Cozy attic Loft - 10 min to HB,Oberstrass,Entire home/apt,1.0,1.0,2,270,92.0,301,24,98.0,47.38456,8.55001,0
"Downtown Penthouse Apartment, including Parking",Langstrasse,Entire home/apt,3.0,2.5,7,1,420.0,208,246,98.0,47.37455,8.52999,1
Stylish 2bdr 160m2 in old town ( Hotel Widder),Lindenhof,Entire home/apt,2.0,1.5,4,1,327.0,75,51,91.0,47.37232,8.539489999999999,0
Quiet room in central Wiedikon,Alt-Wiedikon,Private room,1.0,1.0,2,1,66.0,90,78,99.0,47.36931,8.51927,1
Swiss Star Marc Aurel  - 1 bedroom Apartment,Hard,Entire home/apt,1.0,1.0,2,1,120.0,0,16,83.0,47.378890000000006,8.5093,0
gem√ºtliche zwei zimmer in altbau n√§he see,Enge,Private room,1.0,1.0,2,30,60.0,179,11,94.0,47.35924,8.52786,0
Stadt Z√ºrich zentrale Wohnung,Alt-Wiedikon,Entire home/apt,1.0,1.0,2,5,79.0,273,27,98.0,47.3618,8.51384,1
2.5 BR flat close to lake/opera/city center (SF9),M√ºhlebach,Entire home/apt,2.0,2.0,8,2,162.0,35,197,96.0,47.36388,8.55063,1
"Ultimate luxury in Zurich, villa IMPERIAL",Wollishofen,Entire home/apt,5.0,3.5,9,3,2575.0,1,16,98.0,47.343379999999996,8.53135,0
Bright studio - Center of Zurich - Helle Wohnung,Unterstrass,Entire home/apt,1.0,1.0,2,2,76.0,40,111,95.0,47.379490000000004,8.54429,0
2 Bedroom Apartment Mini,Alt-Wiedikon,Entire home/apt,2.0,1.0,4,2,180.0,290,12,88.0,47.36226,8.5222,0
1.5 room apartment in Zurich (BE-35),Sihlfeld,Entire home/apt,1.0,1.0,1,7,69.0,27,17,85.0,47.37545,8.51622,0
Big furnished apartment with a lot of extras!!,Saatlen,Entire home/apt,1.0,1.5,3,14,85.0,302,21,94.0,47.407109999999996,8.56061,1
"Executive 1BR flat, city center (Hammer 3)",Weinegg,Entire home/apt,1.0,1.0,4,2,99.0,0,100,96.0,47.3596,8.558530000000001,1
Charming 1BD flat / old town UZ1,Rathaus,Entire home/apt,1.0,1.0,4,2,98.0,118,144,96.0,47.3718,8.54541,1
Modern Apartment Fully furnished,Oerlikon,Entire home/apt,1.0,1.0,2,15,50.0,21,17,99.0,47.40593,8.54904,0
Flat close to HB and River,Unterstrass,Entire home/apt,1.0,1.0,4,3,126.0,154,15,96.0,47.38646,8.54015,0
Vintage roof-apartment with two bedrooms and AC,Oerlikon,Entire home/apt,2.0,1.0,4,3,105.0,0,95,99.0,47.41037,8.537460000000001,1
Penthouse with rooftop terrace near Central&HB,Rathaus,Entire home/apt,1.0,1.0,3,1,190.0,87,52,95.0,47.374140000000004,8.5441,1
2.5BR flat close to lake/opera/city center (SF10),M√ºhlebach,Entire home/apt,2.0,1.5,8,2,132.0,41,179,96.0,47.36356,8.54963,1
Beautiful spacious home in Seefeld near lake,M√ºhlebach,Private room,1.0,1.5,2,45,68.0,178,15,100.0,47.35796,8.55493,0
Zurich Youth Hostel,Wollishofen,Shared room,1.0,0.0,16,1,65.0,362,31,93.0,47.34802,8.5278,0
Stunning central z√ºrich apartment,Unterstrass,Entire home/apt,1.0,1.0,4,6,113.0,34,10,93.0,47.38159,8.543,0
3.5 room apartment in Zurich-Oerlikon (BA-21),Oerlikon,Entire home/apt,2.0,1.0,3,7,105.0,179,14,96.0,47.409420000000004,8.54102,0
Perfect apartment in the center of Zurich,Hard,Entire home/apt,1.0,1.0,2,1,70.0,49,53,95.0,47.38349,8.50863,0
2 Bedroom Apartment with Balcony,Alt-Wiedikon,Entire home/apt,2.0,1.0,5,1,145.0,364,24,94.0,47.35835,8.517560000000001,0
Room in vintage apt in the heart of Z√ºrich,Lindenhof,Private room,1.0,1.5,2,2,93.0,90,91,96.0,47.37162,8.53965,1
"Sch√∂ne, grosse Wohnung",Wollishofen,Entire home/apt,2.0,2.0,5,5,115.0,30,14,92.0,47.33132,8.52768,0
"Central City Location, Quiet Area,by the park",M√ºhlebach,Private room,1.0,1.0,2,1,84.0,180,116,91.0,47.36007,8.5554,0
Central n quiet entire flat + free parking space.,Hirslanden,Entire home/apt,1.0,1.5,1,4,36.0,30,176,91.0,47.35518,8.57618,0
2 Bedroom Apartment with Garden View,Alt-Wiedikon,Entire home/apt,2.0,1.0,5,2,145.0,362,23,96.0,47.359759999999994,8.518510000000001,0
"2 rooms,Central city,beutiful area",M√ºhlebach,Private room,2.0,1.0,2,7,55.0,90,66,83.0,47.360409999999995,8.555660000000001,0
"New Rooftop-Apartment, central and quiet",Oberstrass,Entire home/apt,1.0,1.0,2,4,150.0,85,36,99.0,47.38342,8.5495,0
"Hell, ruhig, zentral - Wohnung mit S√ºdbalkon",Alt-Wiedikon,Entire home/apt,1.0,1.0,1,1,55.0,302,15,99.0,47.35862,8.51657,1
"9 Min. von City/HB, kl. Zimmer in romant. Haus.",Albisrieden,Private room,1.0,1.0,1,3,39.0,181,140,91.0,47.36502,8.49349,1
Nice 1 BR flat city center / near lake (D7),Seefeld,Entire home/apt,1.0,1.0,4,2,89.0,64,68,97.0,47.357209999999995,8.5547,1
A room in home away from home,Oerlikon,Private room,1.0,1.0,2,1,52.0,90,84,94.0,47.4164,8.53539,0
Precious apartment by the lake in central Zurich,Seefeld,Entire home/apt,1.0,1.5,2,14,99.0,187,12,100.0,47.354659999999996,8.55679,1
stylish flat in trendy neighborhood,Sihlfeld,Private room,1.0,1.5,2,2,70.0,326,18,98.0,47.3753,8.51415,0
very nice single room,Altstetten,Private room,1.0,1.5,1,7,45.0,121,20,94.0,47.388020000000004,8.49209,1
"Very central, quiet and green",Oberstrass,Entire home/apt,1.0,1.5,3,3,79.0,363,11,98.0,47.388090000000005,8.54917,0
"Ankommen, wohlf√ºhlen, Z√ºrich geniessen",Wollishofen,Private room,1.0,1.0,2,2,64.0,0,30,96.0,47.335879999999996,8.52867,0
Limmatquai River View Apartment With Jacuzzi,Rathaus,Entire home/apt,2.0,2.5,8,1,899.0,342,27,99.0,47.37338,8.54301,1
Cosy 2 room apt right at Zurich main station,Gewerbeschule,Entire home/apt,1.0,1.0,2,5,65.0,3,14,99.0,47.38185,8.53704,0
Spacious and comfy Room in Wipkingen,Wipkingen,Private room,1.0,1.0,2,1,65.0,0,313,94.0,47.39433,8.525260000000001,0
Moderne & zentrale Wohnung in Z√ºrich,Escher Wyss,Entire home/apt,1.0,1.0,2,3,70.0,67,18,98.0,47.39117,8.50806,0
Penthouse Mainau,Seefeld,Entire home/apt,2.0,3.5,4,1,550.0,365,11,100.0,47.35975,8.54969,1
Central  & Cosy Studio in the heart of Zurich,Seefeld,Entire home/apt,1.0,1.0,2,2,180.0,56,96,98.0,47.357459999999996,8.55368,0
Room in Design & Lifestyle Hotel,Fluntern,Hotel room,1.0,1.0,2,1,145.0,179,25,96.0,47.37336,8.5543,0
"Central City,calm,green,quiet area,PRIVAT parking",M√ºhlebach,Private room,1.0,1.0,2,1,76.0,365,52,85.0,47.36085,8.554739999999999,0
"Z√ºrich - Modern, Comfortable, Designer & Central",Oerlikon,Entire home/apt,1.0,1.5,2,5,83.0,25,51,93.0,47.413540000000005,8.54605,1
Spacious apartment just behind the railway station,Gewerbeschule,Entire home/apt,4.0,1.0,8,3,251.0,365,67,96.0,47.38136,8.53346,1
"1 room,Centre city with the kitchen, quiet area",M√ºhlebach,Private room,1.0,1.0,2,5,69.0,362,28,85.0,47.35927,8.55643,0
Zurich Wiedikon lovely & cosy apartment -Rooftop-,Alt-Wiedikon,Private room,1.0,1.0,2,3,53.0,52,61,97.0,47.36533,8.52205,1
Im Herzen von Z√ºrich,Werd,Entire home/apt,1.0,1.0,3,5,140.0,116,33,98.0,47.3713,8.525139999999999,0
"Central apartment close to lake Zurich, Seefeld",Seefeld,Entire home/apt,1.0,1.0,2,6,139.0,89,25,98.0,47.35556,8.554780000000001,1
"Lovely apartment close to city Center, ETH & Uni",Oberstrass,Entire home/apt,1.0,1.5,2,1,55.0,55,106,93.0,47.37911,8.55166,0
"New, spacious & charming Flat in central Zurich",Hirslanden,Entire home/apt,2.0,1.0,4,2,199.0,364,25,95.0,47.36094,8.56591,0
Quiet Room Close To Z√ºrich City Center,Altstetten,Private room,1.0,1.0,2,1,50.0,81,26,98.0,47.38561,8.488610000000001,1
Stunning 3room DESIGN APT in Zurich CITY¬¶IDA Platz,Sihlfeld,Entire home/apt,2.0,1.0,4,4,300.0,152,29,95.0,47.37412,8.51763,0
Boutique designer apartment in the centre of town,Werd,Entire home/apt,1.0,2.0,2,3,140.0,3,40,98.0,47.37212,8.5265,1
Stadt Z√ºrich 207-Albisriederplatz Appartement,Hard,Entire home/apt,1.0,1.0,2,1,75.0,362,90,97.0,47.3803,8.50703,1
Room: 2‚òÖYour downtown base for tourism + business‚òÖ,Langstrasse,Private room,1.0,1.0,2,1,57.0,2,449,95.0,47.38035,8.528260000000001,0
"lot PRIVACY, nice, clean, great availabil, garage",Alt-Wiedikon,Private room,1.0,1.0,2,6,49.0,146,64,99.0,47.36011,8.52098,0
smart Business Stay: 450 m to Zurich HB (14+ days),Gewerbeschule,Private room,1.0,1.0,2,7,39.0,26,10,94.0,47.382059999999996,8.534089999999999,1
"Bright, spacious room with large loggia",Albisrieden,Private room,1.0,1.0,2,4,49.0,0,31,95.0,47.37327,8.493689999999999,0
Super central and nice room in clean appartment.,Langstrasse,Private room,1.0,1.5,1,3,60.0,0,13,97.0,47.3773,8.527989999999999,0
Eclectic Garden Apartment in a Quiet Residential Area,H√∂ngg,Entire home/apt,1.0,1.5,4,2,187.0,323,79,100.0,47.40421,8.48591,1
"Very beautiful, large apartment, free parking",Witikon,Entire home/apt,1.0,1.0,2,3,140.0,139,61,99.0,47.355109999999996,8.6048,1
"Central, cozy 2-room apartment in hip district",Langstrasse,Entire home/apt,1.0,1.0,2,3,72.0,0,25,98.0,47.37522,8.5253,0
"Perfect location near the airport,transport outdor",Oerlikon,Private room,1.0,1.0,2,12,60.0,59,100,96.0,47.40726,8.55132,0
Bright cozy room with direct train from airport.,Altstetten,Private room,1.0,1.0,5,1,31.0,0,76,90.0,47.38692,8.48761,0
Executive 1BD flat / city center (H√∂sch 4),Seefeld,Entire home/apt,1.0,1.0,4,2,139.0,30,58,95.0,47.35733,8.55358,1
2BR Centrally Located Flat With Balcony,Hard,Entire home/apt,2.0,1.0,4,2,107.0,260,168,91.0,47.3841,8.50817,0
2BR Centrally Located Flat With Balcony '2,Hard,Entire home/apt,2.0,1.0,4,2,171.0,237,134,90.0,47.38429,8.50774,0
Cozy room with direct train from airport,Langstrasse,Private room,1.0,1.0,3,1,119.0,148,79,93.0,47.3742,8.527510000000001,0
Your own apartment in Zurich center,Oberstrass,Entire home/apt,1.0,1.0,2,15,56.0,35,113,91.0,47.37764,8.54849,1
cozy appartment in the heart of zurich,Werd,Entire home/apt,1.0,1.0,4,4,61.0,0,15,96.0,47.3711,8.5258,1
Cozy room with private bath - Modern & Bright,Hirzenbach,Private room,1.0,1.0,2,2,46.0,260,40,98.0,47.40538,8.59158,1
Luxurious 4BR Apt - 350Sqm - Zurich Center,Alt-Wiedikon,Entire home/apt,4.0,3.5,7,2,291.0,340,55,88.0,47.3622,8.52097,0
cozy room in the heart of zurich,Werd,Private room,1.0,1.0,2,3,45.0,0,93,98.0,47.37205,8.52524,1
Sch√∂ne Dachwohnung in der Stadt Z√ºrich,Sihlfeld,Private room,1.0,1.0,1,7,68.0,88,11,94.0,47.37303,8.51942,0
Luxury Downtown Penthouse Duplex Apartment,Langstrasse,Entire home/apt,5.0,5.0,12,1,950.0,290,19,95.0,47.37455,8.52999,1
Freundliches Zimmer,Fluntern,Private room,1.0,1.0,1,1,52.0,116,19,99.0,47.38223,8.56312,1
"Great 2 rooms, 2 beds Studio in Zurich center #507",Werd,Entire home/apt,1.0,1.0,4,1,88.0,91,289,96.0,47.372279999999996,8.5243,1
Stadt Z√ºrich 206 -Studio n√§he Albisriederplatz(6),Hard,Entire home/apt,1.0,1.0,2,1,65.0,362,42,93.0,47.38028,8.50769,1
Zimmer in supermodernem Appartment mit Tiefgarage.,Hirslanden,Private room,1.0,1.0,1,1,87.0,89,19,99.0,47.35717,8.57667,1
Charming and big flat at Zurich MainStation(135m2),Lindenhof,Entire home/apt,3.0,1.0,10,1,306.0,21,75,93.0,47.37677,8.5413,0
Deluxe Studio with POCKET WIFI !!,Wipkingen,Entire home/apt,1.0,1.0,2,1,109.0,361,166,95.0,47.39454,8.52148,0
Le Bijou Lintheschergasse / Zurich HB 1st floor,City,Entire home/apt,2.0,2.0,6,1,365.0,349,21,96.0,47.37682,8.53883,1
Le Bijou Lintheschergasse / Zurich HB 3rd floor,City,Entire home/apt,2.0,2.0,6,1,585.0,361,12,88.0,47.37798,8.5379,1
Le Bijou Lintheschergasse / Zurich HB 2nd floor,City,Entire home/apt,1.0,1.0,4,1,506.0,336,11,100.0,47.37773,8.53801,1
Le Bijou Lintheschergasse / Zurich HB 4th floor,City,Entire home/apt,1.0,1.0,4,1,506.0,353,21,100.0,47.37774,8.53983,1
Privat City Studio close to Center,Hirslanden,Entire home/apt,1.0,1.0,1,3,116.0,180,20,99.0,47.36202,8.56553,1
Room Manesse 3,Alt-Wiedikon,Private room,1.0,1.0,1,1,50.0,331,103,96.0,47.36522,8.52109,0
Room Manesse 1,Alt-Wiedikon,Private room,1.0,1.0,2,1,60.0,0,32,95.0,47.367309999999996,8.52094,0
Super central city appartment at lake Zurich,Enge,Entire home/apt,1.0,1.0,2,1,110.0,25,75,93.0,47.36528,8.537230000000001,0
Cozy Room in an Apartment  with Balcony!,Alt-Wiedikon,Private room,1.0,1.0,1,1,90.0,301,15,97.0,47.36469,8.51873,0
### LUXURY City-Apartment ###,Hottingen,Entire home/apt,2.0,1.0,6,2,199.0,73,142,99.0,47.367940000000004,8.55915,1
Home Away from Home,Wipkingen,Private room,1.0,1.5,2,30,50.0,57,65,97.0,47.39671,8.51977,1
Zurich chic loft perfect for business or leisure,Oerlikon,Entire home/apt,1.0,1.0,2,4,102.0,266,28,99.0,47.40097,8.54583,1
Stadt Z√ºrich  4102 Kleines Studio Albisriederplatz,Hard,Entire home/apt,1.0,1.0,2,1,64.0,240,152,96.0,47.38049,8.50784,1
Nika's white paradise üå∏,Altstetten,Private room,2.0,1.0,1,1,47.0,123,21,86.0,47.39258,8.48697,0
Superb Suite ‚ÄúPOCKET WIFI‚Äù 10¬¥to Z√ºrich Centre,Wipkingen,Entire home/apt,1.0,1.0,4,1,155.0,320,125,96.0,47.39501,8.52081,0
Elegant Apartment  with POCKET WIFI !!!,Wipkingen,Entire home/apt,1.0,1.0,3,1,109.0,324,146,95.0,47.39355,8.520760000000001,0
"Zentrale, moderne Attikawohnung mit Dachterrrassen",Oerlikon,Entire home/apt,1.0,1.5,4,3,130.0,21,10,91.0,47.40995,8.545689999999999,1
"Amazing 1 BR flat, city center (SF12)",M√ºhlebach,Entire home/apt,1.0,1.0,4,2,109.0,50,77,96.0,47.35675,8.5557,1
Bright & Stylish 1BR - Near Google HQ & Center,Alt-Wiedikon,Entire home/apt,1.0,1.0,4,1,91.0,318,68,88.0,47.36696,8.52266,0
Stylish 1BR With Balcony - Near Google HQ & Center,Alt-Wiedikon,Entire home/apt,1.0,1.0,5,1,87.0,302,111,85.0,47.36696,8.52266,0
Bright & Stylish 1BR - Near Google HQ & Center '2,Alt-Wiedikon,Entire home/apt,1.0,1.0,5,1,87.0,304,89,86.0,47.36696,8.52266,0
Unique 3BR Rooftop Duplex - Near Google HQ&Center,Alt-Wiedikon,Entire home/apt,3.0,1.5,8,2,212.0,275,83,82.0,47.36696,8.52266,0
very nice single room,Altstetten,Private room,1.0,1.5,1,7,50.0,89,19,94.0,47.388020000000004,8.49209,1
Rotes Sofa,Altstetten,Shared room,1.0,1.0,1,1,47.0,211,43,89.0,47.39075,8.48531,0
"Erleben Sie Z√ºrich, Apart. 03",Gewerbeschule,Entire home/apt,1.0,1.0,1,1,65.0,0,95,95.0,47.38378,8.52972,0
Watch Sunrises From an Apartment in a Century-Old Mansion,H√∂ngg,Entire home/apt,3.0,1.5,6,2,333.0,0,66,100.0,47.40449,8.48669,1
"Zentral in der Limmatstadt Z√ºrich,  Apart. 01",Gewerbeschule,Entire home/apt,1.0,1.0,2,1,80.0,0,64,96.0,47.3838,8.52873,0
"Erlebe die Vielfalt von Z√ºrich,  Apart. 04",Gewerbeschule,Entire home/apt,1.0,1.0,1,1,65.0,0,70,94.0,47.38216,8.53026,0
BIG 2-room apartment. Pocket WI-FI !!,Albisrieden,Entire home/apt,1.0,1.0,2,30,79.0,124,23,93.0,47.36939,8.49282,0
Amazing Location Zurich Central - 1 or 2 Beds,Langstrasse,Private room,1.0,1.0,2,2,136.0,365,37,94.0,47.377590000000005,8.522789999999999,0
Schmuckes Einzelzimmer,Altstetten,Private room,1.0,1.5,1,7,50.0,56,15,91.0,47.388020000000004,8.49209,1
Privates Zimmer mit eigenes Bad und Balkon,Affoltern,Private room,1.0,1.0,1,1,77.0,364,15,93.0,47.4232,8.50114,0
3 Room Flat in Z√ºrich‚Äòs top central location,Hirslanden,Entire home/apt,1.0,1.0,6,2,100.0,169,30,96.0,47.36325,8.559569999999999,1
Stadt Z√ºrich Guesthouse ( Zimmer 4),Albisrieden,Private room,1.0,1.5,1,10,45.0,301,10,98.0,47.379940000000005,8.48114,1
Direkt neben Z√ºrichsee mit privat Dachterrasse,Seefeld,Entire home/apt,2.0,1.0,4,2,154.0,135,15,99.0,47.35983,8.550460000000001,1
"Z√ºrich wartet auf Sie, Apart. 05",Gewerbeschule,Entire home/apt,1.0,1.0,1,1,60.0,0,95,94.0,47.38256,8.52993,0
Hotspot: Cozy Flat in Z√ºrich Wiedikon,Sihlfeld,Entire home/apt,1.0,1.0,2,120,65.0,241,26,98.0,47.36569,8.52271,1
"Zimmer mit S√ºdbalkon, hell, ruhig, zentral",Alt-Wiedikon,Private room,1.0,1.0,1,1,45.0,271,11,96.0,47.35861,8.51649,1
Charming business holiday house,Affoltern,Entire home/apt,3.0,1.5,5,14,120.0,0,13,97.0,47.422990000000006,8.4949,0
"Romantic garden view, calm & stylish",Oberstrass,Entire home/apt,1.0,1.0,2,2,110.0,341,65,99.0,47.391000000000005,8.5478,1
"Historic, calm & stylish",Oberstrass,Entire home/apt,1.0,1.0,2,2,100.0,346,42,99.0,47.391000000000005,8.5478,1
Suite in Private Apartment near Zurich Bellevue,M√ºhlebach,Private room,2.0,1.0,4,2,85.0,0,103,99.0,47.358109999999996,8.55407,1
"Zurich Old Town, Studio - exclusive",Rathaus,Private room,1.0,2.0,2,2,135.0,256,40,99.0,47.36939,8.545630000000001,1
Feeling Home in Zurich,Lindenhof,Entire home/apt,1.0,1.0,2,1,71.0,59,153,96.0,47.37287,8.53854,1
Villa Zurichberg,Fluntern,Private room,7.0,2.5,10,1,87.0,306,138,99.0,47.37767,8.56681,1
Cosy room in a loft with a terrace and own balcony,Enge,Private room,1.0,1.0,1,3,49.0,0,80,96.0,47.36083,8.5253,1
From NYC to Zurich: Cozy room 10 min from HB,Unterstrass,Private room,3.0,1.0,2,1,75.0,89,31,97.0,47.405190000000005,8.53742,1
Loft-Maisonette in historic industrial building,Sihlfeld,Entire home/apt,1.0,2.0,3,5,160.0,331,30,99.0,47.37977,8.50612,1
"Bright apartment in Seefeld, Lake and City Center",Seefeld,Entire home/apt,1.0,1.0,5,2,113.0,230,15,93.0,47.364129999999996,8.54842,0
Mon Bijou is just for you!,Hard,Entire home/apt,2.0,1.5,7,2,110.0,177,19,98.0,47.38093,8.51769,1
ZH Lion - Altstetten HITrental Apartment,Altstetten,Entire home/apt,1.0,1.0,4,1,480.0,362,11,85.0,47.38472,8.49359,0
"Centrally located, Spacious Modern Apartment",H√∂ngg,Entire home/apt,3.0,2.0,6,2,204.0,365,26,95.0,47.399159999999995,8.50557,0
Garden Oasis Hostal 3 close Citay Center,Wollishofen,Private room,1.0,1.5,1,2,48.0,50,48,98.0,47.34264,8.52513,0
Swiss Star Oerlikon Station - 2 bedroom apartment,Seebach,Entire home/apt,2.0,1.0,4,1,105.0,5,16,68.0,47.41434,8.54688,0
G√§stezimmer in Z√ºrich Oerlikon,Oerlikon,Private room,1.0,1.0,1,1,40.0,0,25,98.0,47.41299,8.55808,1
Room Bellevue,Fluntern,Private room,1.0,0.0,1,1,115.0,89,21,100.0,47.37621,8.56569,1
Swiss Star Wiedikon - Family Suite,Alt-Wiedikon,Entire home/apt,2.0,1.0,4,1,136.0,56,133,83.0,47.36765,8.521889999999999,0
Old town apartment,Rathaus,Entire home/apt,1.0,1.0,3,1,57.0,162,194,94.0,47.37207,8.5426,0
Swiss Star Northend - 1 bedroom apartment,Wipkingen,Entire home/apt,1.0,1.0,2,1,114.0,1,10,72.0,47.39504,8.525360000000001,0
large and modern apartment in the heart of Zurich!,Langstrasse,Entire home/apt,1.0,1.0,4,3,85.0,33,15,100.0,47.37899,8.521410000000001,0
Executive 3BR Centrally Located + Balcony,Hard,Entire home/apt,3.0,1.0,7,2,158.0,262,98,94.0,47.385020000000004,8.50769,0
Executive 1BR Centrally Located,Hard,Entire home/apt,1.0,1.0,4,2,94.0,267,98,90.0,47.385259999999995,8.507639999999999,0
Private Bedroom&  HomeOffice@ Z√ºrichberg,Hottingen,Private room,1.0,1.5,2,1,87.0,360,71,99.0,47.376020000000004,8.5658,1
HomeOffice with private Balcony  & Lakeviewüá®üá≠,Fluntern,Private room,1.0,1.5,2,1,115.0,365,11,96.0,47.37672,8.56733,1
Stadt Z√ºrich12 helles und gem√ºtliches Appartement,Altstetten,Entire home/apt,1.0,1.0,2,30,85.0,331,11,98.0,47.381820000000005,8.48131,1
Executive 2 BD flat / city center (H√∂sch 5),Seefeld,Entire home/apt,2.0,2.0,6,2,146.0,54,77,97.0,47.3563,8.55284,1
Room Klaudia,Altstetten,Private room,1.0,1.5,2,1,47.0,89,12,89.0,47.39052,8.48563,0
Heart Old Town 2min to river/lake -Downtown Z√ºrich,Rathaus,Entire home/apt,1.0,1.5,4,3,188.0,316,76,96.0,47.37334,8.54476,1
Loft with view over Zurich,Altstetten,Entire home/apt,1.0,1.0,3,4,85.0,11,36,95.0,47.38727,8.49311,0
"HomeOffice Suite, Zurichberg",Fluntern,Private room,1.0,1.5,2,2,250.0,365,20,99.0,47.37726,8.565660000000001,1
cosy studio with private terrace,Albisrieden,Entire home/apt,1.0,1.0,2,4,60.0,53,47,97.0,47.37781,8.47905,0
"Central Loft w. sauna, garden and private parking",Sihlfeld,Entire home/apt,2.0,1.0,5,2,133.0,1,33,96.0,47.379670000000004,8.506039999999999,1
Optimum old rose Studio / great view over Zurich,Friesenberg,Entire home/apt,1.0,1.0,2,3,90.0,323,13,98.0,47.35902,8.497710000000001,1
moderne Unterkunft im lebhaften Stadtzentrum,Werd,Private room,1.0,1.0,2,2,50.0,60,49,97.0,47.370670000000004,8.528830000000001,1
Optimum Petrol blue Studio / nice view over Zurich,Friesenberg,Entire home/apt,1.0,1.0,2,3,89.0,266,11,98.0,47.357690000000005,8.49741,1
Optimum Silver Studio with great view over Zurich,Friesenberg,Entire home/apt,1.0,1.0,2,3,89.0,1,17,96.0,47.35962,8.49891,1
Lovely room in the most charming flat in Z√ºrich :),Escher Wyss,Private room,1.0,1.0,2,1,95.0,364,14,100.0,47.39045,8.52219,0
"Z√ºrich 3, sch√∂nes/gem√ºtliches Zimmer 1",Alt-Wiedikon,Private room,1.0,1.0,2,1,60.0,56,62,88.0,47.36887,8.51732,0
"Wohnung im Gr√ºnen, nahe Stadt Z√ºrich",Affoltern,Entire home/apt,1.0,1.0,2,2,86.0,75,16,100.0,47.40922,8.52582,1
Executive 2BR Centrally Located + Balcony,Hard,Entire home/apt,2.0,1.0,6,2,111.0,207,88,87.0,47.3841,8.50817,0
Modern city flat next to the Botanical Garden,Weinegg,Entire home/apt,1.0,1.0,4,3,130.0,1,16,99.0,47.36025,8.5605,1
City central quiet studio in friendly safe area,Hottingen,Entire home/apt,1.0,1.5,2,20,112.0,59,227,98.0,47.367979999999996,8.55647,1
Brand new and modern Luxury Apartment,Altstetten,Entire home/apt,1.0,1.0,2,1,97.0,0,75,96.0,47.39289,8.48553,1
Private Room + Bath  - 10min to Zurich Mainstation,Wollishofen,Private room,1.0,1.0,2,2,40.0,23,51,98.0,47.33887,8.51975,1
Experience Zurich like a local,Escher Wyss,Private room,1.0,1.0,2,1,85.0,90,62,96.0,47.38752,8.5213,0
"Fantastic 1 BR flat, city center, near lake (SF15)",M√ºhlebach,Entire home/apt,1.0,1.0,4,2,126.0,46,72,97.0,47.35686,8.55561,1
Binz 111-A011,Alt-Wiedikon,Entire home/apt,1.0,1.0,2,1,90.0,187,29,93.0,47.3609,8.51769,0
"Central location, 10 min from operahouse",Hottingen,Private room,1.0,1.0,1,2,40.0,365,30,89.0,47.36869,8.5542,0
"Cozy guest bedroom,  Zurich lake 10min by feet",Wollishofen,Private room,1.0,1.0,1,3,55.0,177,15,100.0,47.34231,8.53007,1
Two Room Comfort Apartment sleeps 4,Werd,Entire home/apt,1.0,1.0,4,2,134.0,173,48,98.0,47.36995,8.52568,0
Three Room Comfort Apartment sleeps 6,Sihlfeld,Entire home/apt,2.0,1.5,5,2,145.0,176,62,96.0,47.36963,8.52467,0
Two Room Superior Apartment sleeps 2 (max 4),Sihlfeld,Entire home/apt,1.0,1.0,4,2,141.0,158,36,94.0,47.36912,8.52486,0
"warm and colorful 2BR home, 13min from HB",Altstetten,Entire home/apt,2.0,1.0,4,3,113.0,85,22,96.0,47.38653,8.49715,0
"Cute private bedroom, 13 min from HB",Hard,Private room,1.0,1.0,2,1,70.0,26,42,98.0,47.38825,8.49842,0
Cosy 1BR Centrally Located + Balcony,Hard,Entire home/apt,1.0,1.0,3,2,84.0,362,73,89.0,47.38446,8.50905,0
Executive 1BR Centrally Located + Balcony,Hard,Entire home/apt,1.0,1.0,3,2,117.0,236,33,93.0,47.38494,8.50731,0
Design 3BR Centrally Located + Balcony,Hard,Entire home/apt,3.0,1.0,7,2,158.0,233,52,85.0,47.385059999999996,8.507660000000001,0
"Z√ºrich 3, sch√∂nes/gem√ºtiches Zimmer 2",Sihlfeld,Private room,1.0,1.0,2,1,36.0,354,111,88.0,47.37018,8.51908,0
"Parterrezimmer II in EFH Z√ºrich-Hottingen, Kreis 7",Hottingen,Private room,1.0,1.0,1,3,49.0,362,19,99.0,47.36642,8.563039999999999,1
Bequeme und charmante Zimmer in Z√ºrich Zentrum,Altstetten,Private room,1.0,1.0,1,1,66.0,364,29,98.0,47.38557,8.49612,0
"Stunning Modern Apartment "" POCKET WiFi""",Wipkingen,Entire home/apt,1.0,1.0,3,1,109.0,336,50,95.0,47.39418,8.52254,0
BIG  room  15 min. from HB main station,Wollishofen,Private room,1.0,1.0,5,1,28.0,56,89,90.0,47.34207,8.53288,0
Room 30 min.from airport 10 min. from main station,Wollishofen,Private room,1.0,1.0,3,1,30.0,148,47,89.0,47.339,8.53324,0
Room 30 min.from airport 10 min. from main station,Wollishofen,Private room,1.0,1.0,3,1,29.0,178,88,96.0,47.3417,8.53304,0
Hip Loft Apartment in the heart of Zurich,Langstrasse,Entire home/apt,1.0,1.0,3,7,135.0,37,24,98.0,47.37556,8.52462,1
"Big room with view, 500 m from Z√ºrich main station",Gewerbeschule,Private room,1.0,1.0,4,1,49.0,364,37,95.0,47.38551,8.53127,0
"Room 30 min. to airport, 5 min. to Z√ºrich station",Gewerbeschule,Private room,1.0,2.0,4,1,49.0,363,44,90.0,47.383959999999995,8.53169,0
"Room with a view, 5min. from Z√ºrich main station",Gewerbeschule,Private room,1.0,1.0,3,1,39.0,56,37,89.0,47.382529999999996,8.53469,0
Beautyfull and central room in Zurich,Unterstrass,Private room,1.0,1.0,2,14,35.0,83,11,96.0,47.39219,8.539060000000001,0
Quiet and charming apartment perfect Homeoffice,Hard,Entire home/apt,1.0,1.0,2,1,110.0,117,30,99.0,47.376459999999994,8.51452,1
Swiss Star Aussershil-Studio,Werd,Entire home/apt,1.0,1.0,2,1,122.0,364,232,82.0,47.37117,8.528780000000001,0
"Cosy, centrally located Room",Wipkingen,Private room,1.0,1.5,1,1,51.0,0,14,100.0,47.395309999999995,8.52095,1
Mon Bijou is for you!,Hard,Private room,1.0,1.5,2,3,60.0,89,11,100.0,47.38232,8.51642,1
Lovely comfortable room in a hip part of the city,Hard,Private room,1.0,1.0,2,2,62.0,150,19,99.0,47.37514,8.51872,1
Big and sunny room near to opera house,Hottingen,Private room,1.0,1.0,2,1,60.0,44,107,95.0,47.36869,8.55149,0
City center studio by the lake + SIM WiFi,Seefeld,Entire home/apt,1.0,1.5,2,12,120.0,247,59,96.0,47.362829999999995,8.54974,1
Nice and big 1 BR flat city center/near lake (D8),Seefeld,Entire home/apt,1.0,1.0,4,2,126.0,44,66,97.0,47.35621,8.55365,1
SMALL Single Room,Altstetten,Private room,1.0,1.5,1,7,57.0,89,17,92.0,47.388040000000004,8.49213,1
Sch√∂nes Zimmer mitten im Seefeld,Seefeld,Private room,1.0,1.0,2,1,65.0,0,21,98.0,47.36244,8.55003,1
Private Cozy Bedroom in the center of Z√ºrich,Unterstrass,Private room,1.0,1.5,4,1,76.0,180,25,98.0,47.38856,8.53689,0
Spacious apartment in Zurich's District 4,Langstrasse,Entire home/apt,1.0,1.0,2,2,150.0,0,15,97.0,47.38043,8.53226,0
Manesse Room 4,Alt-Wiedikon,Private room,1.0,1.0,2,1,50.0,362,51,88.0,47.36714,8.52127,0
‚ô• Zurich City - Modern room with private Bathroom,Escher Wyss,Private room,1.0,1.0,2,1,60.0,72,13,98.0,47.39014,8.50848,1
Private Spa Suite,Altstetten,Entire home/apt,1.0,1.5,2,1,504.0,77,18,100.0,47.386309999999995,8.486930000000001,0
Charming private room in Seefeld,M√ºhlebach,Private room,1.0,1.0,2,1,100.0,89,11,94.0,47.35425,8.558010000000001,0
"Sch√∂ne Ferienwohnung im Gr√ºnen, unweit vom Zentrum",Schwamendingen-Mitte,Entire home/apt,2.0,1.5,4,1,64.0,0,10,100.0,47.403209999999994,8.56724,0
A 2 paradas del centro+Wifi+cerca Aeropuerto,Seebach,Private room,1.0,1.0,3,1,46.0,0,35,97.0,47.414159999999995,8.5577,1
"Rooftop, bright & central  room with own balcony",Enge,Private room,1.0,2.0,1,7,49.0,0,46,97.0,47.36053,8.52656,1
Hippes 4* Hotel im Trendquartier - Doppelzimmer,Escher Wyss,Hotel room,1.0,1.0,2,1,123.0,365,77,96.0,47.39054,8.521419999999999,0
Einzigartiges Swissstyle Hotel an ruhiger Citylage,Hottingen,Hotel room,1.0,1.0,2,1,123.0,365,40,96.0,47.36902,8.55053,1
Bed-Sofa in open space - Shared space,Alt-Wiedikon,Shared room,1.0,1.0,1,1,47.0,0,22,93.0,47.36408,8.52096,1
Fully furnished 3room apartment in Zurich‚Äôs center,Unterstrass,Entire home/apt,2.0,1.0,4,2,100.0,0,24,100.0,47.38702,8.54031,1
TOP*CENTRAL*STUDIO*ZURICH,Alt-Wiedikon,Entire home/apt,1.0,1.0,2,3,65.0,207,46,95.0,47.3647,8.508989999999999,0
"Modern Flat in Old town, close to train station",Lindenhof,Entire home/apt,3.0,2.0,8,3,375.0,180,41,98.0,47.372840000000004,8.54013,1
Bright room with new furniture in best location,Gewerbeschule,Private room,1.0,1.0,2,1,60.0,0,101,99.0,47.38214,8.52955,1
Helle grosse Wohnung mit Zueri- und Uetlibergblick,Albisrieden,Entire home/apt,2.0,1.0,4,2,120.0,82,28,96.0,47.37112,8.49875,1
4 bedroom Zurich flat with lovely city view,H√∂ngg,Entire home/apt,4.0,2.0,12,2,200.0,0,18,99.0,47.39972,8.5047,0
Grossz√ºgiges Zimmer in moderner Wohnung,Altstetten,Private room,1.0,2.0,1,3,38.0,109,77,99.0,47.389309999999995,8.49282,1
"Am Puls von Z√ºrich, Apart. 06",Langstrasse,Entire home/apt,1.0,1.0,1,1,60.0,55,41,97.0,47.382059999999996,8.52815,0
Comfy and big room in Zurich Wiedikon,Langstrasse,Private room,1.0,1.0,1,2,55.0,177,47,89.0,47.3761,8.519919999999999,0
Lovely 1 bedroom flat (10 min from Zurich HB),Oerlikon,Entire home/apt,1.0,1.0,2,2,70.0,12,10,96.0,47.4034,8.54675,1
ColorStreet Cosy Flat,Seefeld,Entire home/apt,1.0,1.0,3,2,109.0,157,13,94.0,47.36271,8.548160000000001,0
Sunny bright apartment at Zurich Niederdorf,Rathaus,Entire home/apt,1.0,1.0,2,3,76.0,329,41,100.0,47.37482,8.543339999999999,1
Z√ºrich: Zimmer in Atelierwohnung im Gr√ºnen,Affoltern,Private room,1.0,1.0,1,4,54.0,56,35,100.0,47.42385,8.50211,1
"Individual loft, near Airport/Centre",Schwamendingen-Mitte,Private room,1.0,1.0,4,1,75.0,240,24,100.0,47.40967,8.575619999999999,0
Close to city center and the forest,Unterstrass,Private room,1.0,1.0,1,1,43.0,89,42,99.0,47.40148,8.53308,1
Urban living while overlooking Zurich,Altstetten,Entire home/apt,1.0,1.0,2,2,120.0,173,20,98.0,47.39457,8.48447,1
Homeoffice Stadtwohnung mit Parkplatz und Balkon,Wipkingen,Entire home/apt,1.0,1.0,2,2,89.0,1,37,98.0,47.397,8.51879,1
"A generous and stylish room, in top location",Hottingen,Private room,1.0,1.0,2,2,87.0,0,47,98.0,47.36609,8.560210000000001,1
Vegan friendly PR close lake and 10min mainstation,M√ºhlebach,Private room,1.0,1.0,1,3,54.0,0,34,99.0,47.355509999999995,8.55752,1
Z√ºrich Studio near Art Museum and Centre,Hottingen,Entire home/apt,1.0,1.0,2,4,83.0,0,17,95.0,47.36892,8.55293,1
Fairy-Tale Apartment next to the Opera & Bellevue,Hottingen,Entire home/apt,1.0,1.0,2,2,138.0,342,19,98.0,47.36589,8.55674,1
"Sunny & Quiet Apartment, 20min from City center",Witikon,Entire home/apt,3.0,1.0,6,4,231.0,223,32,100.0,47.36026,8.582989999999999,1
"Swiss Coolness, Luxury Apartment (135m2), Central",Rathaus,Entire home/apt,3.0,2.0,8,1,365.0,45,29,100.0,47.36802,8.545,1
Business Apartment Zurich City,Affoltern,Entire home/apt,1.0,1.0,3,1,115.0,267,42,96.0,47.42014,8.501619999999999,1
Room: 1‚òÖYour downtown base for tourism + business‚òÖ,Langstrasse,Private room,1.0,1.0,2,1,57.0,2,169,97.0,47.37815,8.52811,0
Villa Allegra Studio - Bohemian chic in Zurich,Hottingen,Entire home/apt,1.0,1.0,2,3,107.0,41,20,97.0,47.37058,8.5617,1
Villa Allegra 2BR - Bohemian chic in Zurich,Hottingen,Entire home/apt,2.0,1.0,4,3,155.0,342,28,99.0,47.37212,8.562610000000001,1
Downtown Exclusive 2-BR Apartment with Terrace,Werd,Entire home/apt,2.0,1.0,5,2,189.0,60,82,100.0,47.37247,8.52614,1
Nice Appartment in the very City Center!,Enge,Private room,1.0,1.5,2,2,99.0,364,10,94.0,47.36261,8.53167,0
Le Bijou Bahnhofstrasse / Paradeplatz LB18A,Lindenhof,Entire home/apt,2.0,1.5,4,1,666.0,359,10,98.0,47.36874,8.53988,1
"Cosy, central room 600m from Z√ºrich main station",Langstrasse,Private room,1.0,1.0,1,6,59.0,179,29,96.0,47.3774,8.52904,1
Luxurious 2 rooms apartment in district 4,Langstrasse,Entire home/apt,1.0,1.0,2,3,149.0,292,14,97.0,47.376870000000004,8.53052,0
Cosy renovated 3 rooms appartement in Zurich,Sihlfeld,Entire home/apt,2.0,1.0,4,4,135.0,0,25,98.0,47.37042,8.5064,1
25m2 quiet Studio in Z√ºrich (K11),Affoltern,Entire home/apt,1.0,1.0,2,1,57.0,317,58,97.0,47.408120000000004,8.525319999999999,1
Designerwohnung mit Klimaanlage & grosser Terrasse,Alt-Wiedikon,Entire home/apt,1.0,1.0,4,2,150.0,362,12,98.0,47.36508,8.51045,0
G√ºnstiges Zimmer sehr Zentral WLAN & Schreibtisch,Alt-Wiedikon,Private room,1.0,1.0,1,1,32.0,253,125,89.0,47.3693,8.51901,0
Central room 600m from Z√ºrich main station,Langstrasse,Private room,1.0,1.0,1,6,59.0,147,48,98.0,47.37883,8.52919,1
Cozy apartment in the heart of Z√ºrich city!,Sihlfeld,Entire home/apt,1.0,1.0,2,2,79.0,21,17,99.0,47.371340000000004,8.52008,1
Stadt Z√ºrich 4401-Appartement  Albisriederplatz,Hard,Entire home/apt,1.0,1.0,2,1,85.0,300,19,97.0,47.38067,8.50817,1
15 minutes from Z√ºrich old town,Sihlfeld,Private room,1.0,1.0,2,2,70.0,270,40,94.0,47.374759999999995,8.51902,1
"Illuminated, spacious loft with rooftop access",Gewerbeschule,Entire home/apt,1.0,1.0,2,2,125.0,83,26,100.0,47.3855,8.52631,0
"10min HB, Comfortable Room!!",Oberstrass,Private room,1.0,1.0,1,3,68.0,89,11,96.0,47.39733,8.54764,1
Enjoying the nature in the city,Albisrieden,Private room,1.0,1.0,2,1,50.0,56,69,97.0,47.37249,8.4937,1
ZURICH CENTER- bright and very simple room,Alt-Wiedikon,Private room,1.0,1.5,2,1,40.0,362,40,89.0,47.370259999999995,8.51404,0
Top Location Z√ºrich,Wipkingen,Entire home/apt,1.0,1.0,2,3,100.0,165,15,88.0,47.395,8.51924,0
Entire cozy Apt.(45m2)with floor heating in centre,Unterstrass,Entire home/apt,1.0,1.5,4,7,133.0,364,61,99.0,47.38281,8.54192,1
Newly renovated apartment in the center of Zurich,Hochschulen,Entire home/apt,1.0,1.0,4,2,114.0,157,65,97.0,47.379290000000005,8.54274,1
"Montmartre Zurich - Room ""Jos√©phine""",Lindenhof,Private room,1.0,1.0,2,1,204.0,0,10,100.0,47.371590000000005,8.541210000000001,0
Sunny private room,Hirzenbach,Private room,1.0,1.0,2,1,41.0,11,79,97.0,47.40586,8.586780000000001,1
Terrific 1 BR flat city center/ near lake (D9),Seefeld,Entire home/apt,1.0,1.0,4,2,126.0,57,29,97.0,47.357209999999995,8.5547,1
Central Apartment in the heart of Zurich,Sihlfeld,Entire home/apt,1.0,1.0,2,3,99.0,27,17,96.0,47.373020000000004,8.51875,1
Modern Bedroom close to City Centre & Airport,Oerlikon,Private room,1.0,1.5,2,1,57.0,0,23,99.0,47.41059,8.536439999999999,1
"Beautiful bedroom in Zurich center, huge apartment",Hard,Private room,1.0,1.0,2,1,84.0,0,43,86.0,47.38094,8.51489,0
Room with 2 separate beds in Zurich center,Hard,Private room,1.0,1.0,1,1,45.0,61,49,85.0,47.38162,8.51345,0
Bright room with private bathroom in Oerlikon,Seebach,Private room,1.0,1.0,1,2,50.0,55,13,98.0,47.42046,8.53931,1
BEST LOCATED ROOM IN TOWN,Gewerbeschule,Private room,1.0,1.0,2,3,32.0,79,24,89.0,47.38,8.53631,0
Garden Apartment with pool,H√∂ngg,Entire home/apt,2.0,1.0,4,4,129.0,152,11,100.0,47.40109,8.50269,1
"Z√ºrich City, 15 min. from Z√ºrich Mainstation, See",Altstetten,Private room,1.0,1.0,2,1,37.0,33,21,89.0,47.38825,8.47885,0
Cosy Studio with a separate entrance and bathroom,H√∂ngg,Private room,1.0,1.0,1,2,45.0,169,22,99.0,47.405879999999996,8.48537,1
BnB Balgrist am Buchenweg,Weinegg,Entire home/apt,1.0,1.5,2,1,100.0,87,14,100.0,47.35508,8.57203,1
neues Studio mit wundersch√∂ner Aussicht auf Z√ºrich,Friesenberg,Entire home/apt,1.0,1.0,2,1,62.0,363,11,96.0,47.358059999999995,8.49732,1
Trendy and central 3 room flat with terrace,Alt-Wiedikon,Entire home/apt,2.0,1.5,6,20,128.0,64,31,94.0,47.36375,8.51723,0
*9MINUTES FROM ZH MAIN STATION* / *SPACIOUS* / *MODERN* / *SURROUNDED BY RESTAURANTS & COFFEES* (A),Hottingen,Entire home/apt,3.0,1.0,5,3,211.0,83,11,93.0,47.369479999999996,8.55685,0
*NEW LISTING PRICES* 9MINUTES FROM ZH MAIN STATION* / *SPACIOUS* / *MODERN* (B),Hottingen,Entire home/apt,3.0,2.0,5,3,147.0,26,14,90.0,47.3685,8.556339999999999,0
3 room apartment between airport and city center,Oerlikon,Entire home/apt,2.0,1.0,6,14,62.0,1,23,93.0,47.40659,8.55428,0
Well connected apartment for 2 in Zurich Wiedikon,Sihlfeld,Entire home/apt,1.0,1.0,3,1,89.0,283,10,96.0,47.375809999999994,8.509830000000001,0
Green Marmot Capsule Hotel Z√ºrich,Rathaus,Shared room,1.0,7.0,16,1,48.0,312,56,92.0,47.3693,8.54475,0
Oasis on the Z√ºrichberg,Hottingen,Entire home/apt,1.0,1.0,3,2,105.0,129,18,97.0,47.371159999999996,8.569469999999999,1
"Atelier in Z√ºrich Enge, Kreis 2",Enge,Entire home/apt,1.0,1.0,2,2,75.0,50,21,93.0,47.3564,8.52464,0
City Center - 3 Bedroom Apartment with own Parking,Sihlfeld,Entire home/apt,3.0,1.0,6,2,129.0,0,23,91.0,47.36332,8.52244,0
"City Center Budget Apt, 2 Bedrooms, own Parking",Alt-Wiedikon,Entire home/apt,2.0,1.0,6,2,119.0,65,13,95.0,47.361979999999996,8.5226,0
Penthouse with unique Z√ºrich view,Escher Wyss,Entire home/apt,1.0,1.0,4,1,265.0,85,16,100.0,47.39075,8.51092,1
Charming Popup Hotel-Double Room (shared bathroom),Rathaus,Private room,1.0,1.0,2,1,137.0,5,12,83.0,47.37384,8.54313,0
Charming Popup Hotel-Single Room (shared bathroom),Rathaus,Private room,1.0,1.0,1,1,105.0,5,17,93.0,47.37384,8.54313,0
Cozy vintage apartment with a beautiful view,Fluntern,Entire home/apt,1.0,1.0,4,2,135.0,19,12,98.0,47.38345,8.56217,1
"3 rooms flat, very central, friendly, vintage",Langstrasse,Entire home/apt,2.0,1.0,6,7,70.0,0,11,89.0,47.377629999999996,8.52069,0
‚òÖ3BR‚òÖLOFT‚òÖ ZURICH CITY CENTER ‚òÖon 2Levels‚òÖ6Guests,Escher Wyss,Entire home/apt,3.0,1.5,6,1,344.0,323,23,98.0,47.39074,8.51708,1
"Spacious apartment in ""The Metropolitans""",Seebach,Entire home/apt,1.0,1.0,4,2,102.0,26,41,97.0,47.41863,8.55671,1
The place you want to be in Zurich!,Unterstrass,Private room,1.0,1.0,2,1,51.0,116,30,97.0,47.38945,8.537410000000001,1
Cozy Room in Zurich City. (longterm rent possible),Alt-Wiedikon,Private room,1.0,1.0,3,1,40.0,0,51,78.0,47.36479,8.52029,0
Trendy and centrally located 3 rooms apartment,Wipkingen,Entire home/apt,2.0,1.5,6,10,117.0,209,14,90.0,47.3926,8.527339999999999,0
Exclusive Loft in in a old factory building,Wollishofen,Entire home/apt,1.0,1.0,2,1,139.0,52,14,94.0,47.33773,8.521,0
Brand New Studio in the Heart of Zurich old town,Rathaus,Entire home/apt,1.0,1.0,4,1,74.0,31,11,84.0,47.37512,8.542869999999999,0
Brand New Studio in the Center of Zurich Old Town,Rathaus,Entire home/apt,1.0,1.0,4,1,79.0,21,30,81.0,47.3739,8.54338,0
Cozy room in Zurich city center,Unterstrass,Private room,1.0,1.0,2,1,40.0,0,10,96.0,47.39713,8.54197,0
Cozy studio in the heart of the old town of Zurich,Rathaus,Entire home/apt,1.0,1.0,2,1,78.0,70,18,97.0,47.37441,8.54372,1
√úber den D√§chern von Z√ºrich,Langstrasse,Entire home/apt,1.0,1.0,4,1,125.0,171,12,93.0,47.37795,8.52623,0
Beautiful double room on the lower floor with view to the city,Oerlikon,Private room,1.0,1.0,2,2,55.0,365,13,97.0,47.41144,8.54257,0
